latitude,longitude,label
-89,-179,Land
-89,-177,Land
-89,-175,Land
-89,-173,Land
-89,-171,Land
-89,-169,Land
-89,-167,Land
-89,-165,Land
-89,-163,Land
-89,-161,Land
-89,-159,Land
-89,-157,Land
-89,-155,Land
-89,-153,Land
-89,-151,Land
-89,-149,Land
-89,-147,Land
-89,-145,Land
-89,-143,Land
-89,-141,Land
-89,-139,Land
-89,-137,Land
-89,-135,Land
-89,-133,Land
-89,-131,Land
-89,-129,Land
-89,-127,Land
-89,-125,Land
-89,-123,Land
-89,-121,Land
-89,-119,Land
-89,-117,Land
-89,-115,Land
-89,-113,Land
-89,-111,Land
-89,-109,Land
-89,-107,Land
-89,-105,Land
-89,-103,Land
-89,-101,Land
-89,-99,Land
-89,-97,Land
-89,-95,Land
-89,-93,Land
-89,-91,Land
-89,-89,Land
-89,-87,Land
-89,-85,Land
-89,-83,Land
-89,-81,Land
-89,-79,Land
-89,-77,Land
-89,-75,Land
-89,-73,Land
-89,-71,Land
-89,-69,Land
-89,-67,Land
-89,-65,Land
-89,-63,Land
-89,-61,Land
-89,-59,Land
-89,-57,Land
-89,-55,Land
-89,-53,Land
-89,-51,Land
-89,-49,Land
-89,-47,Land
-89,-45,Land
-89,-43,Land
-89,-41,Land
-89,-39,Land
-89,-37,Land
-89,-35,Land
-89,-33,Land
-89,-31,Land
-89,-29,Land
-89,-27,Land
-89,-25,Land
-89,-23,Land
-89,-21,Land
-89,-19,Land
-89,-17,Land
-89,-15,Land
-89,-13,Land
-89,-11,Land
-89,-9,Land
-89,-7,Land
-89,-5,Land
-89,-3,Land
-89,-1,Land
-89,1,Land
-89,3,Land
-89,5,Land
-89,7,Land
-89,9,Land
-89,11,Land
-89,13,Land
-89,15,Land
-89,17,Land
-89,19,Land
-89,21,Land
-89,23,Land
-89,25,Land
-89,27,Land
-89,29,Land
-89,31,Land
-89,33,Land
-89,35,Land
-89,37,Land
-89,39,Land
-89,41,Land
-89,43,Land
-89,45,Land
-89,47,Land
-89,49,Land
-89,51,Land
-89,53,Land
-89,55,Land
-89,57,Land
-89,59,Land
-89,61,Land
-89,63,Land
-89,65,Land
-89,67,Land
-89,69,Land
-89,71,Land
-89,73,Land
-89,75,Land
-89,77,Land
-89,79,Land
-89,81,Land
-89,83,Land
-89,85,Land
-89,87,Land
-89,89,Land
-89,91,Land
-89,93,Land
-89,95,Land
-89,97,Land
-89,99,Land
-89,101,Land
-89,103,Land
-89,105,Land
-89,107,Land
-89,109,Land
-89,111,Land
-89,113,Land
-89,115,Land
-89,117,Land
-89,119,Land
-89,121,Land
-89,123,Land
-89,125,Land
-89,127,Land
-89,129,Land
-89,131,Land
-89,133,Land
-89,135,Land
-89,137,Land
-89,139,Land
-89,141,Land
-89,143,Land
-89,145,Land
-89,147,Land
-89,149,Land
-89,151,Land
-89,153,Land
-89,155,Land
-89,157,Land
-89,159,Land
-89,161,Land
-89,163,Land
-89,165,Land
-89,167,Land
-89,169,Land
-89,171,Land
-89,173,Land
-89,175,Land
-89,177,Land
-89,179,Land
-87,-179,Land
-87,-177,Land
-87,-175,Land
-87,-173,Land
-87,-171,Land
-87,-169,Land
-87,-167,Land
-87,-165,Land
-87,-163,Land
-87,-161,Land
-87,-159,Land
-87,-157,Land
-87,-155,Land
-87,-153,Land
-87,-151,Land
-87,-149,Land
-87,-147,Land
-87,-145,Land
-87,-143,Land
-87,-141,Land
-87,-139,Land
-87,-137,Land
-87,-135,Land
-87,-133,Land
-87,-131,Land
-87,-129,Land
-87,-127,Land
-87,-125,Land
-87,-123,Land
-87,-121,Land
-87,-119,Land
-87,-117,Land
-87,-115,Land
-87,-113,Land
-87,-111,Land
-87,-109,Land
-87,-107,Land
-87,-105,Land
-87,-103,Land
-87,-101,Land
-87,-99,Land
-87,-97,Land
-87,-95,Land
-87,-93,Land
-87,-91,Land
-87,-89,Land
-87,-87,Land
-87,-85,Land
-87,-83,Land
-87,-81,Land
-87,-79,Land
-87,-77,Land
-87,-75,Land
-87,-73,Land
-87,-71,Land
-87,-69,Land
-87,-67,Land
-87,-65,Land
-87,-63,Land
-87,-61,Land
-87,-59,Land
-87,-57,Land
-87,-55,Land
-87,-53,Land
-87,-51,Land
-87,-49,Land
-87,-47,Land
-87,-45,Land
-87,-43,Land
-87,-41,Land
-87,-39,Land
-87,-37,Land
-87,-35,Land
-87,-33,Land
-87,-31,Land
-87,-29,Land
-87,-27,Land
-87,-25,Land
-87,-23,Land
-87,-21,Land
-87,-19,Land
-87,-17,Land
-87,-15,Land
-87,-13,Land
-87,-11,Land
-87,-9,Land
-87,-7,Land
-87,-5,Land
-87,-3,Land
-87,-1,Land
-87,1,Land
-87,3,Land
-87,5,Land
-87,7,Land
-87,9,Land
-87,11,Land
-87,13,Land
-87,15,Land
-87,17,Land
-87,19,Land
-87,21,Land
-87,23,Land
-87,25,Land
-87,27,Land
-87,29,Land
-87,31,Land
-87,33,Land
-87,35,Land
-87,37,Land
-87,39,Land
-87,41,Land
-87,43,Land
-87,45,Land
-87,47,Land
-87,49,Land
-87,51,Land
-87,53,Land
-87,55,Land
-87,57,Land
-87,59,Land
-87,61,Land
-87,63,Land
-87,65,Land
-87,67,Land
-87,69,Land
-87,71,Land
-87,73,Land
-87,75,Land
-87,77,Land
-87,79,Land
-87,81,Land
-87,83,Land
-87,85,Land
-87,87,Land
-87,89,Land
-87,91,Land
-87,93,Land
-87,95,Land
-87,97,Land
-87,99,Land
-87,101,Land
-87,103,Land
-87,105,Land
-87,107,Land
-87,109,Land
-87,111,Land
-87,113,Land
-87,115,Land
-87,117,Land
-87,119,Land
-87,121,Land
-87,123,Land
-87,125,Land
-87,127,Land
-87,129,Land
-87,131,Land
-87,133,Land
-87,135,Land
-87,137,Land
-87,139,Land
-87,141,Land
-87,143,Land
-87,145,Land
-87,147,Land
-87,149,Land
-87,151,Land
-87,153,Land
-87,155,Land
-87,157,Land
-87,159,Land
-87,161,Land
-87,163,Land
-87,165,Land
-87,167,Land
-87,169,Land
-87,171,Land
-87,173,Land
-87,175,Land
-87,177,Land
-87,179,Land
-85,-179,Land
-85,-177,Land
-85,-175,Land
-85,-173,Land
-85,-171,Land
-85,-169,Land
-85,-167,Land
-85,-165,Land
-85,-163,Land
-85,-161,Land
-85,-159,Land
-85,-157,Land
-85,-155,Land
-85,-153,Land
-85,-151,Land
-85,-149,Land
-85,-147,Land
-85,-145,Land
-85,-143,Land
-85,-141,Land
-85,-139,Land
-85,-137,Land
-85,-135,Land
-85,-133,Land
-85,-131,Land
-85,-129,Land
-85,-127,Land
-85,-125,Land
-85,-123,Land
-85,-121,Land
-85,-119,Land
-85,-117,Land
-85,-115,Land
-85,-113,Land
-85,-111,Land
-85,-109,Land
-85,-107,Land
-85,-105,Land
-85,-103,Land
-85,-101,Land
-85,-99,Land
-85,-97,Land
-85,-95,Land
-85,-93,Land
-85,-91,Land
-85,-89,Land
-85,-87,Land
-85,-85,Land
-85,-83,Land
-85,-81,Land
-85,-79,Land
-85,-77,Land
-85,-75,Land
-85,-73,Land
-85,-71,Land
-85,-69,Land
-85,-67,Land
-85,-65,Land
-85,-63,Land
-85,-61,Land
-85,-59,Land
-85,-57,Land
-85,-55,Land
-85,-53,Land
-85,-51,Land
-85,-49,Land
-85,-47,Land
-85,-45,Land
-85,-43,Land
-85,-41,Land
-85,-39,Land
-85,-37,Land
-85,-35,Land
-85,-33,Land
-85,-31,Land
-85,-29,Land
-85,-27,Land
-85,-25,Land
-85,-23,Land
-85,-21,Land
-85,-19,Land
-85,-17,Land
-85,-15,Land
-85,-13,Land
-85,-11,Land
-85,-9,Land
-85,-7,Land
-85,-5,Land
-85,-3,Land
-85,-1,Land
-85,1,Land
-85,3,Land
-85,5,Land
-85,7,Land
-85,9,Land
-85,11,Land
-85,13,Land
-85,15,Land
-85,17,Land
-85,19,Land
-85,21,Land
-85,23,Land
-85,25,Land
-85,27,Land
-85,29,Land
-85,31,Land
-85,33,Land
-85,35,Land
-85,37,Land
-85,39,Land
-85,41,Land
-85,43,Land
-85,45,Land
-85,47,Land
-85,49,Land
-85,51,Land
-85,53,Land
-85,55,Land
-85,57,Land
-85,59,Land
-85,61,Land
-85,63,Land
-85,65,Land
-85,67,Land
-85,69,Land
-85,71,Land
-85,73,Land
-85,75,Land
-85,77,Land
-85,79,Land
-85,81,Land
-85,83,Land
-85,85,Land
-85,87,Land
-85,89,Land
-85,91,Land
-85,93,Land
-85,95,Land
-85,97,Land
-85,99,Land
-85,101,Land
-85,103,Land
-85,105,Land
-85,107,Land
-85,109,Land
-85,111,Land
-85,113,Land
-85,115,Land
-85,117,Land
-85,119,Land
-85,121,Land
-85,123,Land
-85,125,Land
-85,127,Land
-85,129,Land
-85,131,Land
-85,133,Land
-85,135,Land
-85,137,Land
-85,139,Land
-85,141,Land
-85,143,Land
-85,145,Land
-85,147,Land
-85,149,Land
-85,151,Land
-85,153,Land
-85,155,Land
-85,157,Land
-85,159,Land
-85,161,Land
-85,163,Land
-85,165,Land
-85,167,Land
-85,169,Land
-85,171,Land
-85,173,Land
-85,175,Land
-85,177,Land
-85,179,Land
-83,-179,Land
-83,-177,Land
-83,-175,Land
-83,-173,Land
-83,-171,Land
-83,-169,Land
-83,-167,Land
-83,-165,Land
-83,-163,Land
-83,-161,Land
-83,-159,Land
-83,-157,Land
-83,-155,Land
-83,-153,Land
-83,-151,Land
-83,-149,Land
-83,-147,Land
-83,-145,Land
-83,-143,Land
-83,-141,Land
-83,-139,Land
-83,-137,Land
-83,-135,Land
-83,-133,Land
-83,-131,Land
-83,-129,Land
-83,-127,Land
-83,-125,Land
-83,-123,Land
-83,-121,Land
-83,-119,Land
-83,-117,Land
-83,-115,Land
-83,-113,Land
-83,-111,Land
-83,-109,Land
-83,-107,Land
-83,-105,Land
-83,-103,Land
-83,-101,Land
-83,-99,Land
-83,-97,Land
-83,-95,Land
-83,-93,Land
-83,-91,Land
-83,-89,Land
-83,-87,Land
-83,-85,Land
-83,-83,Land
-83,-81,Land
-83,-79,Land
-83,-77,Land
-83,-75,Land
-83,-73,Land
-83,-71,Land
-83,-69,Land
-83,-67,Land
-83,-65,Land
-83,-63,Land
-83,-61,Land
-83,-59,Land
-83,-57,Land
-83,-55,Land
-83,-53,Land
-83,-51,Land
-83,-49,Land
-83,-47,Land
-83,-45,Land
-83,-43,Land
-83,-41,Land
-83,-39,Land
-83,-37,Land
-83,-35,Land
-83,-33,Land
-83,-31,Land
-83,-29,Land
-83,-27,Land
-83,-25,Land
-83,-23,Land
-83,-21,Land
-83,-19,Land
-83,-17,Land
-83,-15,Land
-83,-13,Land
-83,-11,Land
-83,-9,Land
-83,-7,Land
-83,-5,Land
-83,-3,Land
-83,-1,Land
-83,1,Land
-83,3,Land
-83,5,Land
-83,7,Land
-83,9,Land
-83,11,Land
-83,13,Land
-83,15,Land
-83,17,Land
-83,19,Land
-83,21,Land
-83,23,Land
-83,25,Land
-83,27,Land
-83,29,Land
-83,31,Land
-83,33,Land
-83,35,Land
-83,37,Land
-83,39,Land
-83,41,Land
-83,43,Land
-83,45,Land
-83,47,Land
-83,49,Land
-83,51,Land
-83,53,Land
-83,55,Land
-83,57,Land
-83,59,Land
-83,61,Land
-83,63,Land
-83,65,Land
-83,67,Land
-83,69,Land
-83,71,Land
-83,73,Land
-83,75,Land
-83,77,Land
-83,79,Land
-83,81,Land
-83,83,Land
-83,85,Land
-83,87,Land
-83,89,Land
-83,91,Land
-83,93,Land
-83,95,Land
-83,97,Land
-83,99,Land
-83,101,Land
-83,103,Land
-83,105,Land
-83,107,Land
-83,109,Land
-83,111,Land
-83,113,Land
-83,115,Land
-83,117,Land
-83,119,Land
-83,121,Land
-83,123,Land
-83,125,Land
-83,127,Land
-83,129,Land
-83,131,Land
-83,133,Land
-83,135,Land
-83,137,Land
-83,139,Land
-83,141,Land
-83,143,Land
-83,145,Land
-83,147,Land
-83,149,Land
-83,151,Land
-83,153,Land
-83,155,Land
-83,157,Land
-83,159,Land
-83,161,Land
-83,163,Land
-83,165,Land
-83,167,Land
-83,169,Land
-83,171,Land
-83,173,Land
-83,175,Land
-83,177,Land
-83,179,Land
-81,-179,Land
-81,-177,Land
-81,-175,Land
-81,-173,Land
-81,-171,Land
-81,-169,Land
-81,-167,Land
-81,-165,Land
-81,-163,Land
-81,-161,Land
-81,-159,Land
-81,-157,Land
-81,-155,Land
-81,-153,Land
-81,-151,Land
-81,-149,Land
-81,-147,Land
-81,-145,Land
-81,-143,Land
-81,-141,Land
-81,-139,Land
-81,-137,Land
-81,-135,Land
-81,-133,Land
-81,-131,Land
-81,-129,Land
-81,-127,Land
-81,-125,Land
-81,-123,Land
-81,-121,Land
-81,-119,Land
-81,-117,Land
-81,-115,Land
-81,-113,Land
-81,-111,Land
-81,-109,Land
-81,-107,Land
-81,-105,Land
-81,-103,Land
-81,-101,Land
-81,-99,Land
-81,-97,Land
-81,-95,Land
-81,-93,Land
-81,-91,Land
-81,-89,Land
-81,-87,Land
-81,-85,Land
-81,-83,Land
-81,-81,Land
-81,-79,Land
-81,-77,Land
-81,-75,Land
-81,-73,Land
-81,-71,Land
-81,-69,Land
-81,-67,Land
-81,-65,Land
-81,-63,Land
-81,-61,Land
-81,-59,Land
-81,-57,Land
-81,-55,Land
-81,-53,Land
-81,-51,Land
-81,-49,Land
-81,-47,Land
-81,-45,Land
-81,-43,Land
-81,-41,Land
-81,-39,Land
-81,-37,Land
-81,-35,Land
-81,-33,Land
-81,-31,Land
-81,-29,Land
-81,-27,Land
-81,-25,Land
-81,-23,Land
-81,-21,Land
-81,-19,Land
-81,-17,Land
-81,-15,Land
-81,-13,Land
-81,-11,Land
-81,-9,Land
-81,-7,Land
-81,-5,Land
-81,-3,Land
-81,-1,Land
-81,1,Land
-81,3,Land
-81,5,Land
-81,7,Land
-81,9,Land
-81,11,Land
-81,13,Land
-81,15,Land
-81,17,Land
-81,19,Land
-81,21,Land
-81,23,Land
-81,25,Land
-81,27,Land
-81,29,Land
-81,31,Land
-81,33,Land
-81,35,Land
-81,37,Land
-81,39,Land
-81,41,Land
-81,43,Land
-81,45,Land
-81,47,Land
-81,49,Land
-81,51,Land
-81,53,Land
-81,55,Land
-81,57,Land
-81,59,Land
-81,61,Land
-81,63,Land
-81,65,Land
-81,67,Land
-81,69,Land
-81,71,Land
-81,73,Land
-81,75,Land
-81,77,Land
-81,79,Land
-81,81,Land
-81,83,Land
-81,85,Land
-81,87,Land
-81,89,Land
-81,91,Land
-81,93,Land
-81,95,Land
-81,97,Land
-81,99,Land
-81,101,Land
-81,103,Land
-81,105,Land
-81,107,Land
-81,109,Land
-81,111,Land
-81,113,Land
-81,115,Land
-81,117,Land
-81,119,Land
-81,121,Land
-81,123,Land
-81,125,Land
-81,127,Land
-81,129,Land
-81,131,Land
-81,133,Land
-81,135,Land
-81,137,Land
-81,139,Land
-81,141,Land
-81,143,Land
-81,145,Land
-81,147,Land
-81,149,Land
-81,151,Land
-81,153,Land
-81,155,Land
-81,157,Land
-81,159,Land
-81,161,Land
-81,163,Land
-81,165,Land
-81,167,Land
-81,169,Land
-81,171,Land
-81,173,Land
-81,175,Land
-81,177,Land
-81,179,Land
-79,-179,Land
-79,-177,Land
-79,-175,Land
-79,-173,Land
-79,-171,Land
-79,-169,Land
-79,-167,Land
-79,-165,Land
-79,-163,Land
-79,-161,Land
-79,-159,Land
-79,-157,Land
-79,-155,Land
-79,-153,Land
-79,-151,Land
-79,-149,Land
-79,-147,Land
-79,-145,Land
-79,-143,Land
-79,-141,Land
-79,-139,Land
-79,-137,Land
-79,-135,Land
-79,-133,Land
-79,-131,Land
-79,-129,Land
-79,-127,Land
-79,-125,Land
-79,-123,Land
-79,-121,Land
-79,-119,Land
-79,-117,Land
-79,-115,Land
-79,-113,Land
-79,-111,Land
-79,-109,Land
-79,-107,Land
-79,-105,Land
-79,-103,Land
-79,-101,Land
-79,-99,Land
-79,-97,Land
-79,-95,Land
-79,-93,Land
-79,-91,Land
-79,-89,Land
-79,-87,Land
-79,-85,Land
-79,-83,Land
-79,-81,Land
-79,-79,Land
-79,-77,Land
-79,-75,Land
-79,-73,Land
-79,-71,Land
-79,-69,Land
-79,-67,Land
-79,-65,Land
-79,-63,Land
-79,-61,Land
-79,-59,Land
-79,-57,Land
-79,-55,Land
-79,-53,Land
-79,-51,Land
-79,-49,Land
-79,-47,Land
-79,-45,Land
-79,-43,Land
-79,-41,Land
-79,-39,Land
-79,-37,Land
-79,-35,Land
-79,-33,Land
-79,-31,Land
-79,-29,Land
-79,-27,Land
-79,-25,Land
-79,-23,Land
-79,-21,Land
-79,-19,Land
-79,-17,Land
-79,-15,Land
-79,-13,Land
-79,-11,Land
-79,-9,Land
-79,-7,Land
-79,-5,Land
-79,-3,Land
-79,-1,Land
-79,1,Land
-79,3,Land
-79,5,Land
-79,7,Land
-79,9,Land
-79,11,Land
-79,13,Land
-79,15,Land
-79,17,Land
-79,19,Land
-79,21,Land
-79,23,Land
-79,25,Land
-79,27,Land
-79,29,Land
-79,31,Land
-79,33,Land
-79,35,Land
-79,37,Land
-79,39,Land
-79,41,Land
-79,43,Land
-79,45,Land
-79,47,Land
-79,49,Land
-79,51,Land
-79,53,Land
-79,55,Land
-79,57,Land
-79,59,Land
-79,61,Land
-79,63,Land
-79,65,Land
-79,67,Land
-79,69,Land
-79,71,Land
-79,73,Land
-79,75,Land
-79,77,Land
-79,79,Land
-79,81,Land
-79,83,Land
-79,85,Land
-79,87,Land
-79,89,Land
-79,91,Land
-79,93,Land
-79,95,Land
-79,97,Land
-79,99,Land
-79,101,Land
-79,103,Land
-79,105,Land
-79,107,Land
-79,109,Land
-79,111,Land
-79,113,Land
-79,115,Land
-79,117,Land
-79,119,Land
-79,121,Land
-79,123,Land
-79,125,Land
-79,127,Land
-79,129,Land
-79,131,Land
-79,133,Land
-79,135,Land
-79,137,Land
-79,139,Land
-79,141,Land
-79,143,Land
-79,145,Land
-79,147,Land
-79,149,Land
-79,151,Land
-79,153,Land
-79,155,Land
-79,157,Land
-79,159,Land
-79,161,Land
-79,163,Land
-79,165,Land
-79,167,Land
-79,169,Land
-79,171,Land
-79,173,Land
-79,175,Land
-79,177,Land
-79,179,Land
-77,-179,Water
-77,-177,Water
-77,-175,Water
-77,-173,Water
-77,-171,Water
-77,-169,Water
-77,-167,Water
-77,-165,Water
-77,-163,Water
-77,-161,Water
-77,-159,Water
-77,-157,Water
-77,-155,Water
-77,-153,Water
-77,-151,Land
-77,-149,Land
-77,-147,Land
-77,-145,Land
-77,-143,Land
-77,-141,Land
-77,-139,Land
-77,-137,Land
-77,-135,Land
-77,-133,Land
-77,-131,Land
-77,-129,Land
-77,-127,Land
-77,-125,Land
-77,-123,Land
-77,-121,Land
-77,-119,Land
-77,-117,Land
-77,-115,Land
-77,-113,Land
-77,-111,Land
-77,-109,Land
-77,-107,Land
-77,-105,Land
-77,-103,Land
-77,-101,Land
-77,-99,Land
-77,-97,Land
-77,-95,Land
-77,-93,Land
-77,-91,Land
-77,-89,Land
-77,-87,Land
-77,-85,Land
-77,-83,Land
-77,-81,Land
-77,-79,Land
-77,-77,Land
-77,-75,Land
-77,-73,Land
-77,-71,Land
-77,-69,Land
-77,-67,Land
-77,-65,Land
-77,-63,Land
-77,-61,Land
-77,-59,Land
-77,-57,Land
-77,-55,Land
-77,-53,Land
-77,-51,Water
-77,-49,Water
-77,-47,Water
-77,-45,Water
-77,-43,Water
-77,-41,Water
-77,-39,Water
-77,-37,Water
-77,-35,Water
-77,-33,Water
-77,-31,Land
-77,-29,Land
-77,-27,Land
-77,-25,Land
-77,-23,Land
-77,-21,Land
-77,-19,Land
-77,-17,Land
-77,-15,Land
-77,-13,Land
-77,-11,Land
-77,-9,Land
-77,-7,Land
-77,-5,Land
-77,-3,Land
-77,-1,Land
-77,1,Land
-77,3,Land
-77,5,Land
-77,7,Land
-77,9,Land
-77,11,Land
-77,13,Land
-77,15,Land
-77,17,Land
-77,19,Land
-77,21,Land
-77,23,Land
-77,25,Land
-77,27,Land
-77,29,Land
-77,31,Land
-77,33,Land
-77,35,Land
-77,37,Land
-77,39,Land
-77,41,Land
-77,43,Land
-77,45,Land
-77,47,Land
-77,49,Land
-77,51,Land
-77,53,Land
-77,55,Land
-77,57,Land
-77,59,Land
-77,61,Land
-77,63,Land
-77,65,Land
-77,67,Land
-77,69,Land
-77,71,Land
-77,73,Land
-77,75,Land
-77,77,Land
-77,79,Land
-77,81,Land
-77,83,Land
-77,85,Land
-77,87,Land
-77,89,Land
-77,91,Land
-77,93,Land
-77,95,Land
-77,97,Land
-77,99,Land
-77,101,Land
-77,103,Land
-77,105,Land
-77,107,Land
-77,109,Land
-77,111,Land
-77,113,Land
-77,115,Land
-77,117,Land
-77,119,Land
-77,121,Land
-77,123,Land
-77,125,Land
-77,127,Land
-77,129,Land
-77,131,Land
-77,133,Land
-77,135,Land
-77,137,Land
-77,139,Land
-77,141,Land
-77,143,Land
-77,145,Land
-77,147,Land
-77,149,Land
-77,151,Land
-77,153,Land
-77,155,Land
-77,157,Land
-77,159,Land
-77,161,Land
-77,163,Water
-77,165,Water
-77,167,Water
-77,169,Water
-77,171,Water
-77,173,Water
-77,175,Water
-77,177,Water
-77,179,Water
-75,-179,Water
-75,-177,Water
-75,-175,Water
-75,-173,Water
-75,-171,Water
-75,-169,Water
-75,-167,Water
-75,-165,Water
-75,-163,Water
-75,-161,Water
-75,-159,Water
-75,-157,Water
-75,-155,Water
-75,-153,Water
-75,-151,Water
-75,-149,Water
-75,-147,Water
-75,-145,Water
-75,-143,Water
-75,-141,Water
-75,-139,Water
-75,-137,Water
-75,-135,Land
-75,-133,Land
-75,-131,Land
-75,-129,Land
-75,-127,Land
-75,-125,Land
-75,-123,Land
-75,-121,Land
-75,-119,Land
-75,-117,Land
-75,-115,Land
-75,-113,Land
-75,-111,Land
-75,-109,Water
-75,-107,Land
-75,-105,Land
-75,-103,Water
-75,-101,Land
-75,-99,Land
-75,-97,Land
-75,-95,Land
-75,-93,Land
-75,-91,Land
-75,-89,Land
-75,-87,Land
-75,-85,Land
-75,-83,Land
-75,-81,Land
-75,-79,Land
-75,-77,Land
-75,-75,Land
-75,-73,Land
-75,-71,Land
-75,-69,Land
-75,-67,Land
-75,-65,Land
-75,-63,Land
-75,-61,Land
-75,-59,Water
-75,-57,Water
-75,-55,Water
-75,-53,Water
-75,-51,Water
-75,-49,Water
-75,-47,Water
-75,-45,Water
-75,-43,Water
-75,-41,Water
-75,-39,Water
-75,-37,Water
-75,-35,Water
-75,-33,Water
-75,-31,Water
-75,-29,Water
-75,-27,Water
-75,-25,Land
-75,-23,Land
-75,-21,Land
-75,-19,Land
-75,-17,Land
-75,-15,Land
-75,-13,Land
-75,-11,Land
-75,-9,Land
-75,-7,Land
-75,-5,Land
-75,-3,Land
-75,-1,Land
-75,1,Land
-75,3,Land
-75,5,Land
-75,7,Land
-75,9,Land
-75,11,Land
-75,13,Land
-75,15,Land
-75,17,Land
-75,19,Land
-75,21,Land
-75,23,Land
-75,25,Land
-75,27,Land
-75,29,Land
-75,31,Land
-75,33,Land
-75,35,Land
-75,37,Land
-75,39,Land
-75,41,Land
-75,43,Land
-75,45,Land
-75,47,Land
-75,49,Land
-75,51,Land
-75,53,Land
-75,55,Land
-75,57,Land
-75,59,Land
-75,61,Land
-75,63,Land
-75,65,Land
-75,67,Land
-75,69,Land
-75,71,Land
-75,73,Land
-75,75,Land
-75,77,Land
-75,79,Land
-75,81,Land
-75,83,Land
-75,85,Land
-75,87,Land
-75,89,Land
-75,91,Land
-75,93,Land
-75,95,Land
-75,97,Land
-75,99,Land
-75,101,Land
-75,103,Land
-75,105,Land
-75,107,Land
-75,109,Land
-75,111,Land
-75,113,Land
-75,115,Land
-75,117,Land
-75,119,Land
-75,121,Land
-75,123,Land
-75,125,Land
-75,127,Land
-75,129,Land
-75,131,Land
-75,133,Land
-75,135,Land
-75,137,Land
-75,139,Land
-75,141,Land
-75,143,Land
-75,145,Land
-75,147,Land
-75,149,Land
-75,151,Land
-75,153,Land
-75,155,Land
-75,157,Land
-75,159,Land
-75,161,Land
-75,163,Land
-75,165,Water
-75,167,Water
-75,169,Water
-75,171,Water
-75,173,Water
-75,175,Water
-75,177,Water
-75,179,Water
-73,-179,Water
-73,-177,Water
-73,-175,Water
-73,-173,Water
-73,-171,Water
-73,-169,Water
-73,-167,Water
-73,-165,Water
-73,-163,Water
-73,-161,Water
-73,-159,Water
-73,-157,Water
-73,-155,Water
-73,-153,Water
-73,-151,Water
-73,-149,Water
-73,-147,Water
-73,-145,Water
-73,-143,Water
-73,-141,Water
-73,-139,Water
-73,-137,Water
-73,-135,Water
-73,-133,Water
-73,-131,Water
-73,-129,Water
-73,-127,Water
-73,-125,Water
-73,-123,Water
-73,-121,Water
-73,-119,Water
-73,-117,Water
-73,-115,Water
-73,-113,Water
-73,-111,Water
-73,-109,Water
-73,-107,Water
-73,-105,Land
-73,-103,Land
-73,-101,Land
-73,-99,Land
-73,-97,Land
-73,-95,Land
-73,-93,Land
-73,-91,Land
-73,-89,Land
-73,-87,Land
-73,-85,Water
-73,-83,Water
-73,-81,Water
-73,-79,Land
-73,-77,Land
-73,-75,Land
-73,-73,Water
-73,-71,Land
-73,-69,Land
-73,-67,Land
-73,-65,Land
-73,-63,Land
-73,-61,Land
-73,-59,Water
-73,-57,Water
-73,-55,Water
-73,-53,Water
-73,-51,Water
-73,-49,Water
-73,-47,Water
-73,-45,Water
-73,-43,Water
-73,-41,Water
-73,-39,Water
-73,-37,Water
-73,-35,Water
-73,-33,Water
-73,-31,Water
-73,-29,Water
-73,-27,Water
-73,-25,Water
-73,-23,Water
-73,-21,Water
-73,-19,Land
-73,-17,Land
-73,-15,Land
-73,-13,Land
-73,-11,Land
-73,-9,Land
-73,-7,Land
-73,-5,Land
-73,-3,Land
-73,-1,Land
-73,1,Land
-73,3,Land
-73,5,Land
-73,7,Land
-73,9,Land
-73,11,Land
-73,13,Land
-73,15,Land
-73,17,Land
-73,19,Land
-73,21,Land
-73,23,Land
-73,25,Land
-73,27,Land
-73,29,Land
-73,31,Land
-73,33,Land
-73,35,Land
-73,37,Land
-73,39,Land
-73,41,Land
-73,43,Land
-73,45,Land
-73,47,Land
-73,49,Land
-73,51,Land
-73,53,Land
-73,55,Land
-73,57,Land
-73,59,Land
-73,61,Land
-73,63,Land
-73,65,Land
-73,67,Land
-73,69,Land
-73,71,Land
-73,73,Land
-73,75,Land
-73,77,Land
-73,79,Land
-73,81,Land
-73,83,Land
-73,85,Land
-73,87,Land
-73,89,Land
-73,91,Land
-73,93,Land
-73,95,Land
-73,97,Land
-73,99,Land
-73,101,Land
-73,103,Land
-73,105,Land
-73,107,Land
-73,109,Land
-73,111,Land
-73,113,Land
-73,115,Land
-73,117,Land
-73,119,Land
-73,121,Land
-73,123,Land
-73,125,Land
-73,127,Land
-73,129,Land
-73,131,Land
-73,133,Land
-73,135,Land
-73,137,Land
-73,139,Land
-73,141,Land
-73,143,Land
-73,145,Land
-73,147,Land
-73,149,Land
-73,151,Land
-73,153,Land
-73,155,Land
-73,157,Land
-73,159,Land
-73,161,Land
-73,163,Land
-73,165,Land
-73,167,Land
-73,169,Land
-73,171,Water
-73,173,Water
-73,175,Water
-73,177,Water
-73,179,Water
-71,-179,Water
-71,-177,Water
-71,-175,Water
-71,-173,Water
-71,-171,Water
-71,-169,Water
-71,-167,Water
-71,-165,Water
-71,-163,Water
-71,-161,Water
-71,-159,Water
-71,-157,Water
-71,-155,Water
-71,-153,Water
-71,-151,Water
-71,-149,Water
-71,-147,Water
-71,-145,Water
-71,-143,Water
-71,-141,Water
-71,-139,Water
-71,-137,Water
-71,-135,Water
-71,-133,Water
-71,-131,Water
-71,-129,Water
-71,-127,Water
-71,-125,Water
-71,-123,Water
-71,-121,Water
-71,-119,Water
-71,-117,Water
-71,-115,Water
-71,-113,Water
-71,-111,Water
-71,-109,Water
-71,-107,Water
-71,-105,Water
-71,-103,Water
-71,-101,Water
-71,-99,Water
-71,-97,Water
-71,-95,Water
-71,-93,Water
-71,-91,Water
-71,-89,Water
-71,-87,Water
-71,-85,Water
-71,-83,Water
-71,-81,Water
-71,-79,Water
-71,-77,Water
-71,-75,Land
-71,-73,Land
-71,-71,Land
-71,-69,Land
-71,-67,Land
-71,-65,Land
-71,-63,Land
-71,-61,Land
-71,-59,Water
-71,-57,Water
-71,-55,Water
-71,-53,Water
-71,-51,Water
-71,-49,Water
-71,-47,Water
-71,-45,Water
-71,-43,Water
-71,-41,Water
-71,-39,Water
-71,-37,Water
-71,-35,Water
-71,-33,Water
-71,-31,Water
-71,-29,Water
-71,-27,Water
-71,-25,Water
-71,-23,Water
-71,-21,Water
-71,-19,Water
-71,-17,Water
-71,-15,Water
-71,-13,Water
-71,-11,Water
-71,-9,Land
-71,-7,Land
-71,-5,Land
-71,-3,Land
-71,-1,Land
-71,1,Land
-71,3,Land
-71,5,Land
-71,7,Land
-71,9,Land
-71,11,Land
-71,13,Land
-71,15,Land
-71,17,Land
-71,19,Land
-71,21,Land
-71,23,Land
-71,25,Land
-71,27,Land
-71,29,Land
-71,31,Land
-71,33,Land
-71,35,Land
-71,37,Land
-71,39,Land
-71,41,Land
-71,43,Land
-71,45,Land
-71,47,Land
-71,49,Land
-71,51,Land
-71,53,Land
-71,55,Land
-71,57,Land
-71,59,Land
-71,61,Land
-71,63,Land
-71,65,Land
-71,67,Land
-71,69,Land
-71,71,Land
-71,73,Land
-71,75,Land
-71,77,Land
-71,79,Land
-71,81,Land
-71,83,Land
-71,85,Land
-71,87,Land
-71,89,Land
-71,91,Land
-71,93,Land
-71,95,Land
-71,97,Land
-71,99,Land
-71,101,Land
-71,103,Land
-71,105,Land
-71,107,Land
-71,109,Land
-71,111,Land
-71,113,Land
-71,115,Land
-71,117,Land
-71,119,Land
-71,121,Land
-71,123,Land
-71,125,Land
-71,127,Land
-71,129,Land
-71,131,Land
-71,133,Land
-71,135,Land
-71,137,Land
-71,139,Land
-71,141,Land
-71,143,Land
-71,145,Land
-71,147,Land
-71,149,Land
-71,151,Land
-71,153,Land
-71,155,Land
-71,157,Land
-71,159,Land
-71,161,Land
-71,163,Land
-71,165,Land
-71,167,Land
-71,169,Water
-71,171,Water
-71,173,Water
-71,175,Water
-71,177,Water
-71,179,Water
-69,-179,Water
-69,-177,Water
-69,-175,Water
-69,-173,Water
-69,-171,Water
-69,-169,Water
-69,-167,Water
-69,-165,Water
-69,-163,Water
-69,-161,Water
-69,-159,Water
-69,-157,Water
-69,-155,Water
-69,-153,Water
-69,-151,Water
-69,-149,Water
-69,-147,Water
-69,-145,Water
-69,-143,Water
-69,-141,Water
-69,-139,Water
-69,-137,Water
-69,-135,Water
-69,-133,Water
-69,-131,Water
-69,-129,Water
-69,-127,Water
-69,-125,Water
-69,-123,Water
-69,-121,Water
-69,-119,Water
-69,-117,Water
-69,-115,Water
-69,-113,Water
-69,-111,Water
-69,-109,Water
-69,-107,Water
-69,-105,Water
-69,-103,Water
-69,-101,Water
-69,-99,Water
-69,-97,Water
-69,-95,Water
-69,-93,Water
-69,-91,Water
-69,-89,Water
-69,-87,Water
-69,-85,Water
-69,-83,Water
-69,-81,Water
-69,-79,Water
-69,-77,Water
-69,-75,Water
-69,-73,Water
-69,-71,Land
-69,-69,Water
-69,-67,Land
-69,-65,Land
-69,-63,Land
-69,-61,Land
-69,-59,Water
-69,-57,Water
-69,-55,Water
-69,-53,Water
-69,-51,Water
-69,-49,Water
-69,-47,Water
-69,-45,Water
-69,-43,Water
-69,-41,Water
-69,-39,Water
-69,-37,Water
-69,-35,Water
-69,-33,Water
-69,-31,Water
-69,-29,Water
-69,-27,Water
-69,-25,Water
-69,-23,Water
-69,-21,Water
-69,-19,Water
-69,-17,Water
-69,-15,Water
-69,-13,Water
-69,-11,Water
-69,-9,Water
-69,-7,Water
-69,-5,Water
-69,-3,Water
-69,-1,Water
-69,1,Water
-69,3,Water
-69,5,Water
-69,7,Water
-69,9,Water
-69,11,Water
-69,13,Water
-69,15,Water
-69,17,Water
-69,19,Water
-69,21,Water
-69,23,Water
-69,25,Water
-69,27,Water
-69,29,Water
-69,31,Water
-69,33,Land
-69,35,Water
-69,37,Water
-69,39,Water
-69,41,Land
-69,43,Land
-69,45,Land
-69,47,Land
-69,49,Land
-69,51,Land
-69,53,Land
-69,55,Land
-69,57,Land
-69,59,Land
-69,61,Land
-69,63,Land
-69,65,Land
-69,67,Land
-69,69,Land
-69,71,Land
-69,73,Land
-69,75,Water
-69,77,Water
-69,79,Land
-69,81,Land
-69,83,Land
-69,85,Land
-69,87,Land
-69,89,Land
-69,91,Land
-69,93,Land
-69,95,Land
-69,97,Land
-69,99,Land
-69,101,Land
-69,103,Land
-69,105,Land
-69,107,Land
-69,109,Land
-69,111,Land
-69,113,Land
-69,115,Land
-69,117,Land
-69,119,Land
-69,121,Land
-69,123,Land
-69,125,Land
-69,127,Land
-69,129,Land
-69,131,Land
-69,133,Land
-69,135,Land
-69,137,Land
-69,139,Land
-69,141,Land
-69,143,Land
-69,145,Land
-69,147,Land
-69,149,Land
-69,151,Land
-69,153,Land
-69,155,Land
-69,157,Water
-69,159,Water
-69,161,Water
-69,163,Water
-69,165,Water
-69,167,Water
-69,169,Water
-69,171,Water
-69,173,Water
-69,175,Water
-69,177,Water
-69,179,Water
-67,-179,Water
-67,-177,Water
-67,-175,Water
-67,-173,Water
-67,-171,Water
-67,-169,Water
-67,-167,Water
-67,-165,Water
-67,-163,Water
-67,-161,Water
-67,-159,Water
-67,-157,Water
-67,-155,Water
-67,-153,Water
-67,-151,Water
-67,-149,Water
-67,-147,Water
-67,-145,Water
-67,-143,Water
-67,-141,Water
-67,-139,Water
-67,-137,Water
-67,-135,Water
-67,-133,Water
-67,-131,Water
-67,-129,Water
-67,-127,Water
-67,-125,Water
-67,-123,Water
-67,-121,Water
-67,-119,Water
-67,-117,Water
-67,-115,Water
-67,-113,Water
-67,-111,Water
-67,-109,Water
-67,-107,Water
-67,-105,Water
-67,-103,Water
-67,-101,Water
-67,-99,Water
-67,-97,Water
-67,-95,Water
-67,-93,Water
-67,-91,Water
-67,-89,Water
-67,-87,Water
-67,-85,Water
-67,-83,Water
-67,-81,Water
-67,-79,Water
-67,-77,Water
-67,-75,Water
-67,-73,Water
-67,-71,Water
-67,-69,Water
-67,-67,Land
-67,-65,Land
-67,-63,Land
-67,-61,Land
-67,-59,Water
-67,-57,Water
-67,-55,Water
-67,-53,Water
-67,-51,Water
-67,-49,Water
-67,-47,Water
-67,-45,Water
-67,-43,Water
-67,-41,Water
-67,-39,Water
-67,-37,Water
-67,-35,Water
-67,-33,Water
-67,-31,Water
-67,-29,Water
-67,-27,Water
-67,-25,Water
-67,-23,Water
-67,-21,Water
-67,-19,Water
-67,-17,Water
-67,-15,Water
-67,-13,Water
-67,-11,Water
-67,-9,Water
-67,-7,Water
-67,-5,Water
-67,-3,Water
-67,-1,Water
-67,1,Water
-67,3,Water
-67,5,Water
-67,7,Water
-67,9,Water
-67,11,Water
-67,13,Water
-67,15,Water
-67,17,Water
-67,19,Water
-67,21,Water
-67,23,Water
-67,25,Water
-67,27,Water
-67,29,Water
-67,31,Water
-67,33,Water
-67,35,Water
-67,37,Water
-67,39,Water
-67,41,Water
-67,43,Water
-67,45,Water
-67,47,Water
-67,49,Land
-67,51,Land
-67,53,Land
-67,55,Land
-67,57,Water
-67,59,Water
-67,61,Water
-67,63,Water
-67,65,Water
-67,67,Water
-67,69,Water
-67,71,Water
-67,73,Water
-67,75,Water
-67,77,Water
-67,79,Water
-67,81,Water
-67,83,Water
-67,85,Land
-67,87,Land
-67,89,Land
-67,91,Land
-67,93,Land
-67,95,Land
-67,97,Land
-67,99,Land
-67,101,Land
-67,103,Land
-67,105,Land
-67,107,Land
-67,109,Land
-67,111,Land
-67,113,Land
-67,115,Land
-67,117,Land
-67,119,Land
-67,121,Land
-67,123,Land
-67,125,Land
-67,127,Land
-67,129,Land
-67,131,Land
-67,133,Land
-67,135,Land
-67,137,Land
-67,139,Land
-67,141,Land
-67,143,Land
-67,145,Water
-67,147,Water
-67,149,Water
-67,151,Water
-67,153,Water
-67,155,Water
-67,157,Water
-67,159,Water
-67,161,Water
-67,163,Water
-67,165,Water
-67,167,Water
-67,169,Water
-67,171,Water
-67,173,Water
-67,175,Water
-67,177,Water
-67,179,Water
-65,-179,Water
-65,-177,Water
-65,-175,Water
-65,-173,Water
-65,-171,Water
-65,-169,Water
-65,-167,Water
-65,-165,Water
-65,-163,Water
-65,-161,Water
-65,-159,Water
-65,-157,Water
-65,-155,Water
-65,-153,Water
-65,-151,Water
-65,-149,Water
-65,-147,Water
-65,-145,Water
-65,-143,Water
-65,-141,Water
-65,-139,Water
-65,-137,Water
-65,-135,Water
-65,-133,Water
-65,-131,Water
-65,-129,Water
-65,-127,Water
-65,-125,Water
-65,-123,Water
-65,-121,Water
-65,-119,Water
-65,-117,Water
-65,-115,Water
-65,-113,Water
-65,-111,Water
-65,-109,Water
-65,-107,Water
-65,-105,Water
-65,-103,Water
-65,-101,Water
-65,-99,Water
-65,-97,Water
-65,-95,Water
-65,-93,Water
-65,-91,Water
-65,-89,Water
-65,-87,Water
-65,-85,Water
-65,-83,Water
-65,-81,Water
-65,-79,Water
-65,-77,Water
-65,-75,Water
-65,-73,Water
-65,-71,Water
-65,-69,Water
-65,-67,Water
-65,-65,Water
-65,-63,Land
-65,-61,Land
-65,-59,Water
-65,-57,Water
-65,-55,Water
-65,-53,Water
-65,-51,Water
-65,-49,Water
-65,-47,Water
-65,-45,Water
-65,-43,Water
-65,-41,Water
-65,-39,Water
-65,-37,Water
-65,-35,Water
-65,-33,Water
-65,-31,Water
-65,-29,Water
-65,-27,Water
-65,-25,Water
-65,-23,Water
-65,-21,Water
-65,-19,Water
-65,-17,Water
-65,-15,Water
-65,-13,Water
-65,-11,Water
-65,-9,Water
-65,-7,Water
-65,-5,Water
-65,-3,Water
-65,-1,Water
-65,1,Water
-65,3,Water
-65,5,Water
-65,7,Water
-65,9,Water
-65,11,Water
-65,13,Water
-65,15,Water
-65,17,Water
-65,19,Water
-65,21,Water
-65,23,Water
-65,25,Water
-65,27,Water
-65,29,Water
-65,31,Water
-65,33,Water
-65,35,Water
-65,37,Water
-65,39,Water
-65,41,Water
-65,43,Water
-65,45,Water
-65,47,Water
-65,49,Water
-65,51,Water
-65,53,Water
-65,55,Water
-65,57,Water
-65,59,Water
-65,61,Water
-65,63,Water
-65,65,Water
-65,67,Water
-65,69,Water
-65,71,Water
-65,73,Water
-65,75,Water
-65,77,Water
-65,79,Water
-65,81,Water
-65,83,Water
-65,85,Water
-65,87,Water
-65,89,Water
-65,91,Water
-65,93,Water
-65,95,Water
-65,97,Water
-65,99,Water
-65,101,Water
-65,103,Water
-65,105,Water
-65,107,Water
-65,109,Water
-65,111,Water
-65,113,Water
-65,115,Water
-65,117,Water
-65,119,Water
-65,121,Water
-65,123,Water
-65,125,Water
-65,127,Water
-65,129,Water
-65,131,Water
-65,133,Water
-65,135,Water
-65,137,Water
-65,139,Water
-65,141,Water
-65,143,Water
-65,145,Water
-65,147,Water
-65,149,Water
-65,151,Water
-65,153,Water
-65,155,Water
-65,157,Water
-65,159,Water
-65,161,Water
-65,163,Water
-65,165,Water
-65,167,Water
-65,169,Water
-65,171,Water
-65,173,Water
-65,175,Water
-65,177,Water
-65,179,Water
-63,-179,Water
-63,-177,Water
-63,-175,Water
-63,-173,Water
-63,-171,Water
-63,-169,Water
-63,-167,Water
-63,-165,Water
-63,-163,Water
-63,-161,Water
-63,-159,Water
-63,-157,Water
-63,-155,Water
-63,-153,Water
-63,-151,Water
-63,-149,Water
-63,-147,Water
-63,-145,Water
-63,-143,Water
-63,-141,Water
-63,-139,Water
-63,-137,Water
-63,-135,Water
-63,-133,Water
-63,-131,Water
-63,-129,Water
-63,-127,Water
-63,-125,Water
-63,-123,Water
-63,-121,Water
-63,-119,Water
-63,-117,Water
-63,-115,Water
-63,-113,Water
-63,-111,Water
-63,-109,Water
-63,-107,Water
-63,-105,Water
-63,-103,Water
-63,-101,Water
-63,-99,Water
-63,-97,Water
-63,-95,Water
-63,-93,Water
-63,-91,Water
-63,-89,Water
-63,-87,Water
-63,-85,Water
-63,-83,Water
-63,-81,Water
-63,-79,Water
-63,-77,Water
-63,-75,Water
-63,-73,Water
-63,-71,Water
-63,-69,Water
-63,-67,Water
-63,-65,Water
-63,-63,Water
-63,-61,Water
-63,-59,Water
-63,-57,Water
-63,-55,Water
-63,-53,Water
-63,-51,Water
-63,-49,Water
-63,-47,Water
-63,-45,Water
-63,-43,Water
-63,-41,Water
-63,-39,Water
-63,-37,Water
-63,-35,Water
-63,-33,Water
-63,-31,Water
-63,-29,Water
-63,-27,Water
-63,-25,Water
-63,-23,Water
-63,-21,Water
-63,-19,Water
-63,-17,Water
-63,-15,Water
-63,-13,Water
-63,-11,Water
-63,-9,Water
-63,-7,Water
-63,-5,Water
-63,-3,Water
-63,-1,Water
-63,1,Water
-63,3,Water
-63,5,Water
-63,7,Water
-63,9,Water
-63,11,Water
-63,13,Water
-63,15,Water
-63,17,Water
-63,19,Water
-63,21,Water
-63,23,Water
-63,25,Water
-63,27,Water
-63,29,Water
-63,31,Water
-63,33,Water
-63,35,Water
-63,37,Water
-63,39,Water
-63,41,Water
-63,43,Water
-63,45,Water
-63,47,Water
-63,49,Water
-63,51,Water
-63,53,Water
-63,55,Water
-63,57,Water
-63,59,Water
-63,61,Water
-63,63,Water
-63,65,Water
-63,67,Water
-63,69,Water
-63,71,Water
-63,73,Water
-63,75,Water
-63,77,Water
-63,79,Water
-63,81,Water
-63,83,Water
-63,85,Water
-63,87,Water
-63,89,Water
-63,91,Water
-63,93,Water
-63,95,Water
-63,97,Water
-63,99,Water
-63,101,Water
-63,103,Water
-63,105,Water
-63,107,Water
-63,109,Water
-63,111,Water
-63,113,Water
-63,115,Water
-63,117,Water
-63,119,Water
-63,121,Water
-63,123,Water
-63,125,Water
-63,127,Water
-63,129,Water
-63,131,Water
-63,133,Water
-63,135,Water
-63,137,Water
-63,139,Water
-63,141,Water
-63,143,Water
-63,145,Water
-63,147,Water
-63,149,Water
-63,151,Water
-63,153,Water
-63,155,Water
-63,157,Water
-63,159,Water
-63,161,Water
-63,163,Water
-63,165,Water
-63,167,Water
-63,169,Water
-63,171,Water
-63,173,Water
-63,175,Water
-63,177,Water
-63,179,Water
-61,-179,Water
-61,-177,Water
-61,-175,Water
-61,-173,Water
-61,-171,Water
-61,-169,Water
-61,-167,Water
-61,-165,Water
-61,-163,Water
-61,-161,Water
-61,-159,Water
-61,-157,Water
-61,-155,Water
-61,-153,Water
-61,-151,Water
-61,-149,Water
-61,-147,Water
-61,-145,Water
-61,-143,Water
-61,-141,Water
-61,-139,Water
-61,-137,Water
-61,-135,Water
-61,-133,Water
-61,-131,Water
-61,-129,Water
-61,-127,Water
-61,-125,Water
-61,-123,Water
-61,-121,Water
-61,-119,Water
-61,-117,Water
-61,-115,Water
-61,-113,Water
-61,-111,Water
-61,-109,Water
-61,-107,Water
-61,-105,Water
-61,-103,Water
-61,-101,Water
-61,-99,Water
-61,-97,Water
-61,-95,Water
-61,-93,Water
-61,-91,Water
-61,-89,Water
-61,-87,Water
-61,-85,Water
-61,-83,Water
-61,-81,Water
-61,-79,Water
-61,-77,Water
-61,-75,Water
-61,-73,Water
-61,-71,Water
-61,-69,Water
-61,-67,Water
-61,-65,Water
-61,-63,Water
-61,-61,Water
-61,-59,Water
-61,-57,Water
-61,-55,Water
-61,-53,Water
-61,-51,Water
-61,-49,Water
-61,-47,Water
-61,-45,Water
-61,-43,Water
-61,-41,Water
-61,-39,Water
-61,-37,Water
-61,-35,Water
-61,-33,Water
-61,-31,Water
-61,-29,Water
-61,-27,Water
-61,-25,Water
-61,-23,Water
-61,-21,Water
-61,-19,Water
-61,-17,Water
-61,-15,Water
-61,-13,Water
-61,-11,Water
-61,-9,Water
-61,-7,Water
-61,-5,Water
-61,-3,Water
-61,-1,Water
-61,1,Water
-61,3,Water
-61,5,Water
-61,7,Water
-61,9,Water
-61,11,Water
-61,13,Water
-61,15,Water
-61,17,Water
-61,19,Water
-61,21,Water
-61,23,Water
-61,25,Water
-61,27,Water
-61,29,Water
-61,31,Water
-61,33,Water
-61,35,Water
-61,37,Water
-61,39,Water
-61,41,Water
-61,43,Water
-61,45,Water
-61,47,Water
-61,49,Water
-61,51,Water
-61,53,Water
-61,55,Water
-61,57,Water
-61,59,Water
-61,61,Water
-61,63,Water
-61,65,Water
-61,67,Water
-61,69,Water
-61,71,Water
-61,73,Water
-61,75,Water
-61,77,Water
-61,79,Water
-61,81,Water
-61,83,Water
-61,85,Water
-61,87,Water
-61,89,Water
-61,91,Water
-61,93,Water
-61,95,Water
-61,97,Water
-61,99,Water
-61,101,Water
-61,103,Water
-61,105,Water
-61,107,Water
-61,109,Water
-61,111,Water
-61,113,Water
-61,115,Water
-61,117,Water
-61,119,Water
-61,121,Water
-61,123,Water
-61,125,Water
-61,127,Water
-61,129,Water
-61,131,Water
-61,133,Water
-61,135,Water
-61,137,Water
-61,139,Water
-61,141,Water
-61,143,Water
-61,145,Water
-61,147,Water
-61,149,Water
-61,151,Water
-61,153,Water
-61,155,Water
-61,157,Water
-61,159,Water
-61,161,Water
-61,163,Water
-61,165,Water
-61,167,Water
-61,169,Water
-61,171,Water
-61,173,Water
-61,175,Water
-61,177,Water
-61,179,Water
-59,-179,Water
-59,-177,Water
-59,-175,Water
-59,-173,Water
-59,-171,Water
-59,-169,Water
-59,-167,Water
-59,-165,Water
-59,-163,Water
-59,-161,Water
-59,-159,Water
-59,-157,Water
-59,-155,Water
-59,-153,Water
-59,-151,Water
-59,-149,Water
-59,-147,Water
-59,-145,Water
-59,-143,Water
-59,-141,Water
-59,-139,Water
-59,-137,Water
-59,-135,Water
-59,-133,Water
-59,-131,Water
-59,-129,Water
-59,-127,Water
-59,-125,Water
-59,-123,Water
-59,-121,Water
-59,-119,Water
-59,-117,Water
-59,-115,Water
-59,-113,Water
-59,-111,Water
-59,-109,Water
-59,-107,Water
-59,-105,Water
-59,-103,Water
-59,-101,Water
-59,-99,Water
-59,-97,Water
-59,-95,Water
-59,-93,Water
-59,-91,Water
-59,-89,Water
-59,-87,Water
-59,-85,Water
-59,-83,Water
-59,-81,Water
-59,-79,Water
-59,-77,Water
-59,-75,Water
-59,-73,Water
-59,-71,Water
-59,-69,Water
-59,-67,Water
-59,-65,Water
-59,-63,Water
-59,-61,Water
-59,-59,Water
-59,-57,Water
-59,-55,Water
-59,-53,Water
-59,-51,Water
-59,-49,Water
-59,-47,Water
-59,-45,Water
-59,-43,Water
-59,-41,Water
-59,-39,Water
-59,-37,Water
-59,-35,Water
-59,-33,Water
-59,-31,Water
-59,-29,Water
-59,-27,Water
-59,-25,Water
-59,-23,Water
-59,-21,Water
-59,-19,Water
-59,-17,Water
-59,-15,Water
-59,-13,Water
-59,-11,Water
-59,-9,Water
-59,-7,Water
-59,-5,Water
-59,-3,Water
-59,-1,Water
-59,1,Water
-59,3,Water
-59,5,Water
-59,7,Water
-59,9,Water
-59,11,Water
-59,13,Water
-59,15,Water
-59,17,Water
-59,19,Water
-59,21,Water
-59,23,Water
-59,25,Water
-59,27,Water
-59,29,Water
-59,31,Water
-59,33,Water
-59,35,Water
-59,37,Water
-59,39,Water
-59,41,Water
-59,43,Water
-59,45,Water
-59,47,Water
-59,49,Water
-59,51,Water
-59,53,Water
-59,55,Water
-59,57,Water
-59,59,Water
-59,61,Water
-59,63,Water
-59,65,Water
-59,67,Water
-59,69,Water
-59,71,Water
-59,73,Water
-59,75,Water
-59,77,Water
-59,79,Water
-59,81,Water
-59,83,Water
-59,85,Water
-59,87,Water
-59,89,Water
-59,91,Water
-59,93,Water
-59,95,Water
-59,97,Water
-59,99,Water
-59,101,Water
-59,103,Water
-59,105,Water
-59,107,Water
-59,109,Water
-59,111,Water
-59,113,Water
-59,115,Water
-59,117,Water
-59,119,Water
-59,121,Water
-59,123,Water
-59,125,Water
-59,127,Water
-59,129,Water
-59,131,Water
-59,133,Water
-59,135,Water
-59,137,Water
-59,139,Water
-59,141,Water
-59,143,Water
-59,145,Water
-59,147,Water
-59,149,Water
-59,151,Water
-59,153,Water
-59,155,Water
-59,157,Water
-59,159,Water
-59,161,Water
-59,163,Water
-59,165,Water
-59,167,Water
-59,169,Water
-59,171,Water
-59,173,Water
-59,175,Water
-59,177,Water
-59,179,Water
-57,-179,Water
-57,-177,Water
-57,-175,Water
-57,-173,Water
-57,-171,Water
-57,-169,Water
-57,-167,Water
-57,-165,Water
-57,-163,Water
-57,-161,Water
-57,-159,Water
-57,-157,Water
-57,-155,Water
-57,-153,Water
-57,-151,Water
-57,-149,Water
-57,-147,Water
-57,-145,Water
-57,-143,Water
-57,-141,Water
-57,-139,Water
-57,-137,Water
-57,-135,Water
-57,-133,Water
-57,-131,Water
-57,-129,Water
-57,-127,Water
-57,-125,Water
-57,-123,Water
-57,-121,Water
-57,-119,Water
-57,-117,Water
-57,-115,Water
-57,-113,Water
-57,-111,Water
-57,-109,Water
-57,-107,Water
-57,-105,Water
-57,-103,Water
-57,-101,Water
-57,-99,Water
-57,-97,Water
-57,-95,Water
-57,-93,Water
-57,-91,Water
-57,-89,Water
-57,-87,Water
-57,-85,Water
-57,-83,Water
-57,-81,Water
-57,-79,Water
-57,-77,Water
-57,-75,Water
-57,-73,Water
-57,-71,Water
-57,-69,Water
-57,-67,Water
-57,-65,Water
-57,-63,Water
-57,-61,Water
-57,-59,Water
-57,-57,Water
-57,-55,Water
-57,-53,Water
-57,-51,Water
-57,-49,Water
-57,-47,Water
-57,-45,Water
-57,-43,Water
-57,-41,Water
-57,-39,Water
-57,-37,Water
-57,-35,Water
-57,-33,Water
-57,-31,Water
-57,-29,Water
-57,-27,Water
-57,-25,Water
-57,-23,Water
-57,-21,Water
-57,-19,Water
-57,-17,Water
-57,-15,Water
-57,-13,Water
-57,-11,Water
-57,-9,Water
-57,-7,Water
-57,-5,Water
-57,-3,Water
-57,-1,Water
-57,1,Water
-57,3,Water
-57,5,Water
-57,7,Water
-57,9,Water
-57,11,Water
-57,13,Water
-57,15,Water
-57,17,Water
-57,19,Water
-57,21,Water
-57,23,Water
-57,25,Water
-57,27,Water
-57,29,Water
-57,31,Water
-57,33,Water
-57,35,Water
-57,37,Water
-57,39,Water
-57,41,Water
-57,43,Water
-57,45,Water
-57,47,Water
-57,49,Water
-57,51,Water
-57,53,Water
-57,55,Water
-57,57,Water
-57,59,Water
-57,61,Water
-57,63,Water
-57,65,Water
-57,67,Water
-57,69,Water
-57,71,Water
-57,73,Water
-57,75,Water
-57,77,Water
-57,79,Water
-57,81,Water
-57,83,Water
-57,85,Water
-57,87,Water
-57,89,Water
-57,91,Water
-57,93,Water
-57,95,Water
-57,97,Water
-57,99,Water
-57,101,Water
-57,103,Water
-57,105,Water
-57,107,Water
-57,109,Water
-57,111,Water
-57,113,Water
-57,115,Water
-57,117,Water
-57,119,Water
-57,121,Water
-57,123,Water
-57,125,Water
-57,127,Water
-57,129,Water
-57,131,Water
-57,133,Water
-57,135,Water
-57,137,Water
-57,139,Water
-57,141,Water
-57,143,Water
-57,145,Water
-57,147,Water
-57,149,Water
-57,151,Water
-57,153,Water
-57,155,Water
-57,157,Water
-57,159,Water
-57,161,Water
-57,163,Water
-57,165,Water
-57,167,Water
-57,169,Water
-57,171,Water
-57,173,Water
-57,175,Water
-57,177,Water
-57,179,Water
-55,-179,Water
-55,-177,Water
-55,-175,Water
-55,-173,Water
-55,-171,Water
-55,-169,Water
-55,-167,Water
-55,-165,Water
-55,-163,Water
-55,-161,Water
-55,-159,Water
-55,-157,Water
-55,-155,Water
-55,-153,Water
-55,-151,Water
-55,-149,Water
-55,-147,Water
-55,-145,Water
-55,-143,Water
-55,-141,Water
-55,-139,Water
-55,-137,Water
-55,-135,Water
-55,-133,Water
-55,-131,Water
-55,-129,Water
-55,-127,Water
-55,-125,Water
-55,-123,Water
-55,-121,Water
-55,-119,Water
-55,-117,Water
-55,-115,Water
-55,-113,Water
-55,-111,Water
-55,-109,Water
-55,-107,Water
-55,-105,Water
-55,-103,Water
-55,-101,Water
-55,-99,Water
-55,-97,Water
-55,-95,Water
-55,-93,Water
-55,-91,Water
-55,-89,Water
-55,-87,Water
-55,-85,Water
-55,-83,Water
-55,-81,Water
-55,-79,Water
-55,-77,Water
-55,-75,Water
-55,-73,Water
-55,-71,Water
-55,-69,Land
-55,-67,Land
-55,-65,Water
-55,-63,Water
-55,-61,Water
-55,-59,Water
-55,-57,Water
-55,-55,Water
-55,-53,Water
-55,-51,Water
-55,-49,Water
-55,-47,Water
-55,-45,Water
-55,-43,Water
-55,-41,Water
-55,-39,Water
-55,-37,Water
-55,-35,Water
-55,-33,Water
-55,-31,Water
-55,-29,Water
-55,-27,Water
-55,-25,Water
-55,-23,Water
-55,-21,Water
-55,-19,Water
-55,-17,Water
-55,-15,Water
-55,-13,Water
-55,-11,Water
-55,-9,Water
-55,-7,Water
-55,-5,Water
-55,-3,Water
-55,-1,Water
-55,1,Water
-55,3,Water
-55,5,Water
-55,7,Water
-55,9,Water
-55,11,Water
-55,13,Water
-55,15,Water
-55,17,Water
-55,19,Water
-55,21,Water
-55,23,Water
-55,25,Water
-55,27,Water
-55,29,Water
-55,31,Water
-55,33,Water
-55,35,Water
-55,37,Water
-55,39,Water
-55,41,Water
-55,43,Water
-55,45,Water
-55,47,Water
-55,49,Water
-55,51,Water
-55,53,Water
-55,55,Water
-55,57,Water
-55,59,Water
-55,61,Water
-55,63,Water
-55,65,Water
-55,67,Water
-55,69,Water
-55,71,Water
-55,73,Water
-55,75,Water
-55,77,Water
-55,79,Water
-55,81,Water
-55,83,Water
-55,85,Water
-55,87,Water
-55,89,Water
-55,91,Water
-55,93,Water
-55,95,Water
-55,97,Water
-55,99,Water
-55,101,Water
-55,103,Water
-55,105,Water
-55,107,Water
-55,109,Water
-55,111,Water
-55,113,Water
-55,115,Water
-55,117,Water
-55,119,Water
-55,121,Water
-55,123,Water
-55,125,Water
-55,127,Water
-55,129,Water
-55,131,Water
-55,133,Water
-55,135,Water
-55,137,Water
-55,139,Water
-55,141,Water
-55,143,Water
-55,145,Water
-55,147,Water
-55,149,Water
-55,151,Water
-55,153,Water
-55,155,Water
-55,157,Water
-55,159,Water
-55,161,Water
-55,163,Water
-55,165,Water
-55,167,Water
-55,169,Water
-55,171,Water
-55,173,Water
-55,175,Water
-55,177,Water
-55,179,Water
-53,-179,Water
-53,-177,Water
-53,-175,Water
-53,-173,Water
-53,-171,Water
-53,-169,Water
-53,-167,Water
-53,-165,Water
-53,-163,Water
-53,-161,Water
-53,-159,Water
-53,-157,Water
-53,-155,Water
-53,-153,Water
-53,-151,Water
-53,-149,Water
-53,-147,Water
-53,-145,Water
-53,-143,Water
-53,-141,Water
-53,-139,Water
-53,-137,Water
-53,-135,Water
-53,-133,Water
-53,-131,Water
-53,-129,Water
-53,-127,Water
-53,-125,Water
-53,-123,Water
-53,-121,Water
-53,-119,Water
-53,-117,Water
-53,-115,Water
-53,-113,Water
-53,-111,Water
-53,-109,Water
-53,-107,Water
-53,-105,Water
-53,-103,Water
-53,-101,Water
-53,-99,Water
-53,-97,Water
-53,-95,Water
-53,-93,Water
-53,-91,Water
-53,-89,Water
-53,-87,Water
-53,-85,Water
-53,-83,Water
-53,-81,Water
-53,-79,Water
-53,-77,Water
-53,-75,Water
-53,-73,Land
-53,-71,Land
-53,-69,Land
-53,-67,Water
-53,-65,Water
-53,-63,Water
-53,-61,Water
-53,-59,Water
-53,-57,Water
-53,-55,Water
-53,-53,Water
-53,-51,Water
-53,-49,Water
-53,-47,Water
-53,-45,Water
-53,-43,Water
-53,-41,Water
-53,-39,Water
-53,-37,Water
-53,-35,Water
-53,-33,Water
-53,-31,Water
-53,-29,Water
-53,-27,Water
-53,-25,Water
-53,-23,Water
-53,-21,Water
-53,-19,Water
-53,-17,Water
-53,-15,Water
-53,-13,Water
-53,-11,Water
-53,-9,Water
-53,-7,Water
-53,-5,Water
-53,-3,Water
-53,-1,Water
-53,1,Water
-53,3,Water
-53,5,Water
-53,7,Water
-53,9,Water
-53,11,Water
-53,13,Water
-53,15,Water
-53,17,Water
-53,19,Water
-53,21,Water
-53,23,Water
-53,25,Water
-53,27,Water
-53,29,Water
-53,31,Water
-53,33,Water
-53,35,Water
-53,37,Water
-53,39,Water
-53,41,Water
-53,43,Water
-53,45,Water
-53,47,Water
-53,49,Water
-53,51,Water
-53,53,Water
-53,55,Water
-53,57,Water
-53,59,Water
-53,61,Water
-53,63,Water
-53,65,Water
-53,67,Water
-53,69,Water
-53,71,Water
-53,73,Water
-53,75,Water
-53,77,Water
-53,79,Water
-53,81,Water
-53,83,Water
-53,85,Water
-53,87,Water
-53,89,Water
-53,91,Water
-53,93,Water
-53,95,Water
-53,97,Water
-53,99,Water
-53,101,Water
-53,103,Water
-53,105,Water
-53,107,Water
-53,109,Water
-53,111,Water
-53,113,Water
-53,115,Water
-53,117,Water
-53,119,Water
-53,121,Water
-53,123,Water
-53,125,Water
-53,127,Water
-53,129,Water
-53,131,Water
-53,133,Water
-53,135,Water
-53,137,Water
-53,139,Water
-53,141,Water
-53,143,Water
-53,145,Water
-53,147,Water
-53,149,Water
-53,151,Water
-53,153,Water
-53,155,Water
-53,157,Water
-53,159,Water
-53,161,Water
-53,163,Water
-53,165,Water
-53,167,Water
-53,169,Water
-53,171,Water
-53,173,Water
-53,175,Water
-53,177,Water
-53,179,Water
-51,-179,Water
-51,-177,Water
-51,-175,Water
-51,-173,Water
-51,-171,Water
-51,-169,Water
-51,-167,Water
-51,-165,Water
-51,-163,Water
-51,-161,Water
-51,-159,Water
-51,-157,Water
-51,-155,Water
-51,-153,Water
-51,-151,Water
-51,-149,Water
-51,-147,Water
-51,-145,Water
-51,-143,Water
-51,-141,Water
-51,-139,Water
-51,-137,Water
-51,-135,Water
-51,-133,Water
-51,-131,Water
-51,-129,Water
-51,-127,Water
-51,-125,Water
-51,-123,Water
-51,-121,Water
-51,-119,Water
-51,-117,Water
-51,-115,Water
-51,-113,Water
-51,-111,Water
-51,-109,Water
-51,-107,Water
-51,-105,Water
-51,-103,Water
-51,-101,Water
-51,-99,Water
-51,-97,Water
-51,-95,Water
-51,-93,Water
-51,-91,Water
-51,-89,Water
-51,-87,Water
-51,-85,Water
-51,-83,Water
-51,-81,Water
-51,-79,Water
-51,-77,Water
-51,-75,Land
-51,-73,Land
-51,-71,Land
-51,-69,Water
-51,-67,Water
-51,-65,Water
-51,-63,Water
-51,-61,Water
-51,-59,Water
-51,-57,Water
-51,-55,Water
-51,-53,Water
-51,-51,Water
-51,-49,Water
-51,-47,Water
-51,-45,Water
-51,-43,Water
-51,-41,Water
-51,-39,Water
-51,-37,Water
-51,-35,Water
-51,-33,Water
-51,-31,Water
-51,-29,Water
-51,-27,Water
-51,-25,Water
-51,-23,Water
-51,-21,Water
-51,-19,Water
-51,-17,Water
-51,-15,Water
-51,-13,Water
-51,-11,Water
-51,-9,Water
-51,-7,Water
-51,-5,Water
-51,-3,Water
-51,-1,Water
-51,1,Water
-51,3,Water
-51,5,Water
-51,7,Water
-51,9,Water
-51,11,Water
-51,13,Water
-51,15,Water
-51,17,Water
-51,19,Water
-51,21,Water
-51,23,Water
-51,25,Water
-51,27,Water
-51,29,Water
-51,31,Water
-51,33,Water
-51,35,Water
-51,37,Water
-51,39,Water
-51,41,Water
-51,43,Water
-51,45,Water
-51,47,Water
-51,49,Water
-51,51,Water
-51,53,Water
-51,55,Water
-51,57,Water
-51,59,Water
-51,61,Water
-51,63,Water
-51,65,Water
-51,67,Water
-51,69,Water
-51,71,Water
-51,73,Water
-51,75,Water
-51,77,Water
-51,79,Water
-51,81,Water
-51,83,Water
-51,85,Water
-51,87,Water
-51,89,Water
-51,91,Water
-51,93,Water
-51,95,Water
-51,97,Water
-51,99,Water
-51,101,Water
-51,103,Water
-51,105,Water
-51,107,Water
-51,109,Water
-51,111,Water
-51,113,Water
-51,115,Water
-51,117,Water
-51,119,Water
-51,121,Water
-51,123,Water
-51,125,Water
-51,127,Water
-51,129,Water
-51,131,Water
-51,133,Water
-51,135,Water
-51,137,Water
-51,139,Water
-51,141,Water
-51,143,Water
-51,145,Water
-51,147,Water
-51,149,Water
-51,151,Water
-51,153,Water
-51,155,Water
-51,157,Water
-51,159,Water
-51,161,Water
-51,163,Water
-51,165,Water
-51,167,Water
-51,169,Water
-51,171,Water
-51,173,Water
-51,175,Water
-51,177,Water
-51,179,Water
-49,-179,Water
-49,-177,Water
-49,-175,Water
-49,-173,Water
-49,-171,Water
-49,-169,Water
-49,-167,Water
-49,-165,Water
-49,-163,Water
-49,-161,Water
-49,-159,Water
-49,-157,Water
-49,-155,Water
-49,-153,Water
-49,-151,Water
-49,-149,Water
-49,-147,Water
-49,-145,Water
-49,-143,Water
-49,-141,Water
-49,-139,Water
-49,-137,Water
-49,-135,Water
-49,-133,Water
-49,-131,Water
-49,-129,Water
-49,-127,Water
-49,-125,Water
-49,-123,Water
-49,-121,Water
-49,-119,Water
-49,-117,Water
-49,-115,Water
-49,-113,Water
-49,-111,Water
-49,-109,Water
-49,-107,Water
-49,-105,Water
-49,-103,Water
-49,-101,Water
-49,-99,Water
-49,-97,Water
-49,-95,Water
-49,-93,Water
-49,-91,Water
-49,-89,Water
-49,-87,Water
-49,-85,Water
-49,-83,Water
-49,-81,Water
-49,-79,Water
-49,-77,Water
-49,-75,Land
-49,-73,Land
-49,-71,Land
-49,-69,Land
-49,-67,Water
-49,-65,Water
-49,-63,Water
-49,-61,Water
-49,-59,Water
-49,-57,Water
-49,-55,Water
-49,-53,Water
-49,-51,Water
-49,-49,Water
-49,-47,Water
-49,-45,Water
-49,-43,Water
-49,-41,Water
-49,-39,Water
-49,-37,Water
-49,-35,Water
-49,-33,Water
-49,-31,Water
-49,-29,Water
-49,-27,Water
-49,-25,Water
-49,-23,Water
-49,-21,Water
-49,-19,Water
-49,-17,Water
-49,-15,Water
-49,-13,Water
-49,-11,Water
-49,-9,Water
-49,-7,Water
-49,-5,Water
-49,-3,Water
-49,-1,Water
-49,1,Water
-49,3,Water
-49,5,Water
-49,7,Water
-49,9,Water
-49,11,Water
-49,13,Water
-49,15,Water
-49,17,Water
-49,19,Water
-49,21,Water
-49,23,Water
-49,25,Water
-49,27,Water
-49,29,Water
-49,31,Water
-49,33,Water
-49,35,Water
-49,37,Water
-49,39,Water
-49,41,Water
-49,43,Water
-49,45,Water
-49,47,Water
-49,49,Water
-49,51,Water
-49,53,Water
-49,55,Water
-49,57,Water
-49,59,Water
-49,61,Water
-49,63,Water
-49,65,Water
-49,67,Water
-49,69,Land
-49,71,Water
-49,73,Water
-49,75,Water
-49,77,Water
-49,79,Water
-49,81,Water
-49,83,Water
-49,85,Water
-49,87,Water
-49,89,Water
-49,91,Water
-49,93,Water
-49,95,Water
-49,97,Water
-49,99,Water
-49,101,Water
-49,103,Water
-49,105,Water
-49,107,Water
-49,109,Water
-49,111,Water
-49,113,Water
-49,115,Water
-49,117,Water
-49,119,Water
-49,121,Water
-49,123,Water
-49,125,Water
-49,127,Water
-49,129,Water
-49,131,Water
-49,133,Water
-49,135,Water
-49,137,Water
-49,139,Water
-49,141,Water
-49,143,Water
-49,145,Water
-49,147,Water
-49,149,Water
-49,151,Water
-49,153,Water
-49,155,Water
-49,157,Water
-49,159,Water
-49,161,Water
-49,163,Water
-49,165,Water
-49,167,Water
-49,169,Water
-49,171,Water
-49,173,Water
-49,175,Water
-49,177,Water
-49,179,Water
-47,-179,Water
-47,-177,Water
-47,-175,Water
-47,-173,Water
-47,-171,Water
-47,-169,Water
-47,-167,Water
-47,-165,Water
-47,-163,Water
-47,-161,Water
-47,-159,Water
-47,-157,Water
-47,-155,Water
-47,-153,Water
-47,-151,Water
-47,-149,Water
-47,-147,Water
-47,-145,Water
-47,-143,Water
-47,-141,Water
-47,-139,Water
-47,-137,Water
-47,-135,Water
-47,-133,Water
-47,-131,Water
-47,-129,Water
-47,-127,Water
-47,-125,Water
-47,-123,Water
-47,-121,Water
-47,-119,Water
-47,-117,Water
-47,-115,Water
-47,-113,Water
-47,-111,Water
-47,-109,Water
-47,-107,Water
-47,-105,Water
-47,-103,Water
-47,-101,Water
-47,-99,Water
-47,-97,Water
-47,-95,Water
-47,-93,Water
-47,-91,Water
-47,-89,Water
-47,-87,Water
-47,-85,Water
-47,-83,Water
-47,-81,Water
-47,-79,Water
-47,-77,Water
-47,-75,Water
-47,-73,Land
-47,-71,Land
-47,-69,Land
-47,-67,Land
-47,-65,Water
-47,-63,Water
-47,-61,Water
-47,-59,Water
-47,-57,Water
-47,-55,Water
-47,-53,Water
-47,-51,Water
-47,-49,Water
-47,-47,Water
-47,-45,Water
-47,-43,Water
-47,-41,Water
-47,-39,Water
-47,-37,Water
-47,-35,Water
-47,-33,Water
-47,-31,Water
-47,-29,Water
-47,-27,Water
-47,-25,Water
-47,-23,Water
-47,-21,Water
-47,-19,Water
-47,-17,Water
-47,-15,Water
-47,-13,Water
-47,-11,Water
-47,-9,Water
-47,-7,Water
-47,-5,Water
-47,-3,Water
-47,-1,Water
-47,1,Water
-47,3,Water
-47,5,Water
-47,7,Water
-47,9,Water
-47,11,Water
-47,13,Water
-47,15,Water
-47,17,Water
-47,19,Water
-47,21,Water
-47,23,Water
-47,25,Water
-47,27,Water
-47,29,Water
-47,31,Water
-47,33,Water
-47,35,Water
-47,37,Water
-47,39,Water
-47,41,Water
-47,43,Water
-47,45,Water
-47,47,Water
-47,49,Water
-47,51,Water
-47,53,Water
-47,55,Water
-47,57,Water
-47,59,Water
-47,61,Water
-47,63,Water
-47,65,Water
-47,67,Water
-47,69,Water
-47,71,Water
-47,73,Water
-47,75,Water
-47,77,Water
-47,79,Water
-47,81,Water
-47,83,Water
-47,85,Water
-47,87,Water
-47,89,Water
-47,91,Water
-47,93,Water
-47,95,Water
-47,97,Water
-47,99,Water
-47,101,Water
-47,103,Water
-47,105,Water
-47,107,Water
-47,109,Water
-47,111,Water
-47,113,Water
-47,115,Water
-47,117,Water
-47,119,Water
-47,121,Water
-47,123,Water
-47,125,Water
-47,127,Water
-47,129,Water
-47,131,Water
-47,133,Water
-47,135,Water
-47,137,Water
-47,139,Water
-47,141,Water
-47,143,Water
-47,145,Water
-47,147,Water
-47,149,Water
-47,151,Water
-47,153,Water
-47,155,Water
-47,157,Water
-47,159,Water
-47,161,Water
-47,163,Water
-47,165,Water
-47,167,Water
-47,169,Water
-47,171,Water
-47,173,Water
-47,175,Water
-47,177,Water
-47,179,Water
-45,-179,Water
-45,-177,Water
-45,-175,Water
-45,-173,Water
-45,-171,Water
-45,-169,Water
-45,-167,Water
-45,-165,Water
-45,-163,Water
-45,-161,Water
-45,-159,Water
-45,-157,Water
-45,-155,Water
-45,-153,Water
-45,-151,Water
-45,-149,Water
-45,-147,Water
-45,-145,Water
-45,-143,Water
-45,-141,Water
-45,-139,Water
-45,-137,Water
-45,-135,Water
-45,-133,Water
-45,-131,Water
-45,-129,Water
-45,-127,Water
-45,-125,Water
-45,-123,Water
-45,-121,Water
-45,-119,Water
-45,-117,Water
-45,-115,Water
-45,-113,Water
-45,-111,Water
-45,-109,Water
-45,-107,Water
-45,-105,Water
-45,-103,Water
-45,-101,Water
-45,-99,Water
-45,-97,Water
-45,-95,Water
-45,-93,Water
-45,-91,Water
-45,-89,Water
-45,-87,Water
-45,-85,Water
-45,-83,Water
-45,-81,Water
-45,-79,Water
-45,-77,Water
-45,-75,Water
-45,-73,Land
-45,-71,Land
-45,-69,Land
-45,-67,Land
-45,-65,Water
-45,-63,Water
-45,-61,Water
-45,-59,Water
-45,-57,Water
-45,-55,Water
-45,-53,Water
-45,-51,Water
-45,-49,Water
-45,-47,Water
-45,-45,Water
-45,-43,Water
-45,-41,Water
-45,-39,Water
-45,-37,Water
-45,-35,Water
-45,-33,Water
-45,-31,Water
-45,-29,Water
-45,-27,Water
-45,-25,Water
-45,-23,Water
-45,-21,Water
-45,-19,Water
-45,-17,Water
-45,-15,Water
-45,-13,Water
-45,-11,Water
-45,-9,Water
-45,-7,Water
-45,-5,Water
-45,-3,Water
-45,-1,Water
-45,1,Water
-45,3,Water
-45,5,Water
-45,7,Water
-45,9,Water
-45,11,Water
-45,13,Water
-45,15,Water
-45,17,Water
-45,19,Water
-45,21,Water
-45,23,Water
-45,25,Water
-45,27,Water
-45,29,Water
-45,31,Water
-45,33,Water
-45,35,Water
-45,37,Water
-45,39,Water
-45,41,Water
-45,43,Water
-45,45,Water
-45,47,Water
-45,49,Water
-45,51,Water
-45,53,Water
-45,55,Water
-45,57,Water
-45,59,Water
-45,61,Water
-45,63,Water
-45,65,Water
-45,67,Water
-45,69,Water
-45,71,Water
-45,73,Water
-45,75,Water
-45,77,Water
-45,79,Water
-45,81,Water
-45,83,Water
-45,85,Water
-45,87,Water
-45,89,Water
-45,91,Water
-45,93,Water
-45,95,Water
-45,97,Water
-45,99,Water
-45,101,Water
-45,103,Water
-45,105,Water
-45,107,Water
-45,109,Water
-45,111,Water
-45,113,Water
-45,115,Water
-45,117,Water
-45,119,Water
-45,121,Water
-45,123,Water
-45,125,Water
-45,127,Water
-45,129,Water
-45,131,Water
-45,133,Water
-45,135,Water
-45,137,Water
-45,139,Water
-45,141,Water
-45,143,Water
-45,145,Water
-45,147,Water
-45,149,Water
-45,151,Water
-45,153,Water
-45,155,Water
-45,157,Water
-45,159,Water
-45,161,Water
-45,163,Water
-45,165,Water
-45,167,Water
-45,169,Land
-45,171,Land
-45,173,Water
-45,175,Water
-45,177,Water
-45,179,Water
-43,-179,Water
-43,-177,Water
-43,-175,Water
-43,-173,Water
-43,-171,Water
-43,-169,Water
-43,-167,Water
-43,-165,Water
-43,-163,Water
-43,-161,Water
-43,-159,Water
-43,-157,Water
-43,-155,Water
-43,-153,Water
-43,-151,Water
-43,-149,Water
-43,-147,Water
-43,-145,Water
-43,-143,Water
-43,-141,Water
-43,-139,Water
-43,-137,Water
-43,-135,Water
-43,-133,Water
-43,-131,Water
-43,-129,Water
-43,-127,Water
-43,-125,Water
-43,-123,Water
-43,-121,Water
-43,-119,Water
-43,-117,Water
-43,-115,Water
-43,-113,Water
-43,-111,Water
-43,-109,Water
-43,-107,Water
-43,-105,Water
-43,-103,Water
-43,-101,Water
-43,-99,Water
-43,-97,Water
-43,-95,Water
-43,-93,Water
-43,-91,Water
-43,-89,Water
-43,-87,Water
-43,-85,Water
-43,-83,Water
-43,-81,Water
-43,-79,Water
-43,-77,Water
-43,-75,Water
-43,-73,Water
-43,-71,Land
-43,-69,Land
-43,-67,Land
-43,-65,Land
-43,-63,Water
-43,-61,Water
-43,-59,Water
-43,-57,Water
-43,-55,Water
-43,-53,Water
-43,-51,Water
-43,-49,Water
-43,-47,Water
-43,-45,Water
-43,-43,Water
-43,-41,Water
-43,-39,Water
-43,-37,Water
-43,-35,Water
-43,-33,Water
-43,-31,Water
-43,-29,Water
-43,-27,Water
-43,-25,Water
-43,-23,Water
-43,-21,Water
-43,-19,Water
-43,-17,Water
-43,-15,Water
-43,-13,Water
-43,-11,Water
-43,-9,Water
-43,-7,Water
-43,-5,Water
-43,-3,Water
-43,-1,Water
-43,1,Water
-43,3,Water
-43,5,Water
-43,7,Water
-43,9,Water
-43,11,Water
-43,13,Water
-43,15,Water
-43,17,Water
-43,19,Water
-43,21,Water
-43,23,Water
-43,25,Water
-43,27,Water
-43,29,Water
-43,31,Water
-43,33,Water
-43,35,Water
-43,37,Water
-43,39,Water
-43,41,Water
-43,43,Water
-43,45,Water
-43,47,Water
-43,49,Water
-43,51,Water
-43,53,Water
-43,55,Water
-43,57,Water
-43,59,Water
-43,61,Water
-43,63,Water
-43,65,Water
-43,67,Water
-43,69,Water
-43,71,Water
-43,73,Water
-43,75,Water
-43,77,Water
-43,79,Water
-43,81,Water
-43,83,Water
-43,85,Water
-43,87,Water
-43,89,Water
-43,91,Water
-43,93,Water
-43,95,Water
-43,97,Water
-43,99,Water
-43,101,Water
-43,103,Water
-43,105,Water
-43,107,Water
-43,109,Water
-43,111,Water
-43,113,Water
-43,115,Water
-43,117,Water
-43,119,Water
-43,121,Water
-43,123,Water
-43,125,Water
-43,127,Water
-43,129,Water
-43,131,Water
-43,133,Water
-43,135,Water
-43,137,Water
-43,139,Water
-43,141,Water
-43,143,Water
-43,145,Water
-43,147,Land
-43,149,Water
-43,151,Water
-43,153,Water
-43,155,Water
-43,157,Water
-43,159,Water
-43,161,Water
-43,163,Water
-43,165,Water
-43,167,Water
-43,169,Water
-43,171,Land
-43,173,Land
-43,175,Water
-43,177,Water
-43,179,Water
-41,-179,Water
-41,-177,Water
-41,-175,Water
-41,-173,Water
-41,-171,Water
-41,-169,Water
-41,-167,Water
-41,-165,Water
-41,-163,Water
-41,-161,Water
-41,-159,Water
-41,-157,Water
-41,-155,Water
-41,-153,Water
-41,-151,Water
-41,-149,Water
-41,-147,Water
-41,-145,Water
-41,-143,Water
-41,-141,Water
-41,-139,Water
-41,-137,Water
-41,-135,Water
-41,-133,Water
-41,-131,Water
-41,-129,Water
-41,-127,Water
-41,-125,Water
-41,-123,Water
-41,-121,Water
-41,-119,Water
-41,-117,Water
-41,-115,Water
-41,-113,Water
-41,-111,Water
-41,-109,Water
-41,-107,Water
-41,-105,Water
-41,-103,Water
-41,-101,Water
-41,-99,Water
-41,-97,Water
-41,-95,Water
-41,-93,Water
-41,-91,Water
-41,-89,Water
-41,-87,Water
-41,-85,Water
-41,-83,Water
-41,-81,Water
-41,-79,Water
-41,-77,Water
-41,-75,Water
-41,-73,Land
-41,-71,Land
-41,-69,Land
-41,-67,Land
-41,-65,Water
-41,-63,Land
-41,-61,Water
-41,-59,Water
-41,-57,Water
-41,-55,Water
-41,-53,Water
-41,-51,Water
-41,-49,Water
-41,-47,Water
-41,-45,Water
-41,-43,Water
-41,-41,Water
-41,-39,Water
-41,-37,Water
-41,-35,Water
-41,-33,Water
-41,-31,Water
-41,-29,Water
-41,-27,Water
-41,-25,Water
-41,-23,Water
-41,-21,Water
-41,-19,Water
-41,-17,Water
-41,-15,Water
-41,-13,Water
-41,-11,Water
-41,-9,Water
-41,-7,Water
-41,-5,Water
-41,-3,Water
-41,-1,Water
-41,1,Water
-41,3,Water
-41,5,Water
-41,7,Water
-41,9,Water
-41,11,Water
-41,13,Water
-41,15,Water
-41,17,Water
-41,19,Water
-41,21,Water
-41,23,Water
-41,25,Water
-41,27,Water
-41,29,Water
-41,31,Water
-41,33,Water
-41,35,Water
-41,37,Water
-41,39,Water
-41,41,Water
-41,43,Water
-41,45,Water
-41,47,Water
-41,49,Water
-41,51,Water
-41,53,Water
-41,55,Water
-41,57,Water
-41,59,Water
-41,61,Water
-41,63,Water
-41,65,Water
-41,67,Water
-41,69,Water
-41,71,Water
-41,73,Water
-41,75,Water
-41,77,Water
-41,79,Water
-41,81,Water
-41,83,Water
-41,85,Water
-41,87,Water
-41,89,Water
-41,91,Water
-41,93,Water
-41,95,Water
-41,97,Water
-41,99,Water
-41,101,Water
-41,103,Water
-41,105,Water
-41,107,Water
-41,109,Water
-41,111,Water
-41,113,Water
-41,115,Water
-41,117,Water
-41,119,Water
-41,121,Water
-41,123,Water
-41,125,Water
-41,127,Water
-41,129,Water
-41,131,Water
-41,133,Water
-41,135,Water
-41,137,Water
-41,139,Water
-41,141,Water
-41,143,Water
-41,145,Land
-41,147,Land
-41,149,Water
-41,151,Water
-41,153,Water
-41,155,Water
-41,157,Water
-41,159,Water
-41,161,Water
-41,163,Water
-41,165,Water
-41,167,Water
-41,169,Water
-41,171,Water
-41,173,Land
-41,175,Land
-41,177,Water
-41,179,Water
-39,-179,Water
-39,-177,Water
-39,-175,Water
-39,-173,Water
-39,-171,Water
-39,-169,Water
-39,-167,Water
-39,-165,Water
-39,-163,Water
-39,-161,Water
-39,-159,Water
-39,-157,Water
-39,-155,Water
-39,-153,Water
-39,-151,Water
-39,-149,Water
-39,-147,Water
-39,-145,Water
-39,-143,Water
-39,-141,Water
-39,-139,Water
-39,-137,Water
-39,-135,Water
-39,-133,Water
-39,-131,Water
-39,-129,Water
-39,-127,Water
-39,-125,Water
-39,-123,Water
-39,-121,Water
-39,-119,Water
-39,-117,Water
-39,-115,Water
-39,-113,Water
-39,-111,Water
-39,-109,Water
-39,-107,Water
-39,-105,Water
-39,-103,Water
-39,-101,Water
-39,-99,Water
-39,-97,Water
-39,-95,Water
-39,-93,Water
-39,-91,Water
-39,-89,Water
-39,-87,Water
-39,-85,Water
-39,-83,Water
-39,-81,Water
-39,-79,Water
-39,-77,Water
-39,-75,Water
-39,-73,Land
-39,-71,Land
-39,-69,Land
-39,-67,Land
-39,-65,Land
-39,-63,Land
-39,-61,Water
-39,-59,Water
-39,-57,Water
-39,-55,Water
-39,-53,Water
-39,-51,Water
-39,-49,Water
-39,-47,Water
-39,-45,Water
-39,-43,Water
-39,-41,Water
-39,-39,Water
-39,-37,Water
-39,-35,Water
-39,-33,Water
-39,-31,Water
-39,-29,Water
-39,-27,Water
-39,-25,Water
-39,-23,Water
-39,-21,Water
-39,-19,Water
-39,-17,Water
-39,-15,Water
-39,-13,Water
-39,-11,Water
-39,-9,Water
-39,-7,Water
-39,-5,Water
-39,-3,Water
-39,-1,Water
-39,1,Water
-39,3,Water
-39,5,Water
-39,7,Water
-39,9,Water
-39,11,Water
-39,13,Water
-39,15,Water
-39,17,Water
-39,19,Water
-39,21,Water
-39,23,Water
-39,25,Water
-39,27,Water
-39,29,Water
-39,31,Water
-39,33,Water
-39,35,Water
-39,37,Water
-39,39,Water
-39,41,Water
-39,43,Water
-39,45,Water
-39,47,Water
-39,49,Water
-39,51,Water
-39,53,Water
-39,55,Water
-39,57,Water
-39,59,Water
-39,61,Water
-39,63,Water
-39,65,Water
-39,67,Water
-39,69,Water
-39,71,Water
-39,73,Water
-39,75,Water
-39,77,Water
-39,79,Water
-39,81,Water
-39,83,Water
-39,85,Water
-39,87,Water
-39,89,Water
-39,91,Water
-39,93,Water
-39,95,Water
-39,97,Water
-39,99,Water
-39,101,Water
-39,103,Water
-39,105,Water
-39,107,Water
-39,109,Water
-39,111,Water
-39,113,Water
-39,115,Water
-39,117,Water
-39,119,Water
-39,121,Water
-39,123,Water
-39,125,Water
-39,127,Water
-39,129,Water
-39,131,Water
-39,133,Water
-39,135,Water
-39,137,Water
-39,139,Water
-39,141,Water
-39,143,Water
-39,145,Water
-39,147,Water
-39,149,Water
-39,151,Water
-39,153,Water
-39,155,Water
-39,157,Water
-39,159,Water
-39,161,Water
-39,163,Water
-39,165,Water
-39,167,Water
-39,169,Water
-39,171,Water
-39,173,Water
-39,175,Land
-39,177,Land
-39,179,Water
-37,-179,Water
-37,-177,Water
-37,-175,Water
-37,-173,Water
-37,-171,Water
-37,-169,Water
-37,-167,Water
-37,-165,Water
-37,-163,Water
-37,-161,Water
-37,-159,Water
-37,-157,Water
-37,-155,Water
-37,-153,Water
-37,-151,Water
-37,-149,Water
-37,-147,Water
-37,-145,Water
-37,-143,Water
-37,-141,Water
-37,-139,Water
-37,-137,Water
-37,-135,Water
-37,-133,Water
-37,-131,Water
-37,-129,Water
-37,-127,Water
-37,-125,Water
-37,-123,Water
-37,-121,Water
-37,-119,Water
-37,-117,Water
-37,-115,Water
-37,-113,Water
-37,-111,Water
-37,-109,Water
-37,-107,Water
-37,-105,Water
-37,-103,Water
-37,-101,Water
-37,-99,Water
-37,-97,Water
-37,-95,Water
-37,-93,Water
-37,-91,Water
-37,-89,Water
-37,-87,Water
-37,-85,Water
-37,-83,Water
-37,-81,Water
-37,-79,Water
-37,-77,Water
-37,-75,Water
-37,-73,Land
-37,-71,Land
-37,-69,Land
-37,-67,Land
-37,-65,Land
-37,-63,Land
-37,-61,Land
-37,-59,Land
-37,-57,Land
-37,-55,Water
-37,-53,Water
-37,-51,Water
-37,-49,Water
-37,-47,Water
-37,-45,Water
-37,-43,Water
-37,-41,Water
-37,-39,Water
-37,-37,Water
-37,-35,Water
-37,-33,Water
-37,-31,Water
-37,-29,Water
-37,-27,Water
-37,-25,Water
-37,-23,Water
-37,-21,Water
-37,-19,Water
-37,-17,Water
-37,-15,Water
-37,-13,Water
-37,-11,Water
-37,-9,Water
-37,-7,Water
-37,-5,Water
-37,-3,Water
-37,-1,Water
-37,1,Water
-37,3,Water
-37,5,Water
-37,7,Water
-37,9,Water
-37,11,Water
-37,13,Water
-37,15,Water
-37,17,Water
-37,19,Water
-37,21,Water
-37,23,Water
-37,25,Water
-37,27,Water
-37,29,Water
-37,31,Water
-37,33,Water
-37,35,Water
-37,37,Water
-37,39,Water
-37,41,Water
-37,43,Water
-37,45,Water
-37,47,Water
-37,49,Water
-37,51,Water
-37,53,Water
-37,55,Water
-37,57,Water
-37,59,Water
-37,61,Water
-37,63,Water
-37,65,Water
-37,67,Water
-37,69,Water
-37,71,Water
-37,73,Water
-37,75,Water
-37,77,Water
-37,79,Water
-37,81,Water
-37,83,Water
-37,85,Water
-37,87,Water
-37,89,Water
-37,91,Water
-37,93,Water
-37,95,Water
-37,97,Water
-37,99,Water
-37,101,Water
-37,103,Water
-37,105,Water
-37,107,Water
-37,109,Water
-37,111,Water
-37,113,Water
-37,115,Water
-37,117,Water
-37,119,Water
-37,121,Water
-37,123,Water
-37,125,Water
-37,127,Water
-37,129,Water
-37,131,Water
-37,133,Water
-37,135,Water
-37,137,Water
-37,139,Water
-37,141,Land
-37,143,Land
-37,145,Land
-37,147,Land
-37,149,Land
-37,151,Water
-37,153,Water
-37,155,Water
-37,157,Water
-37,159,Water
-37,161,Water
-37,163,Water
-37,165,Water
-37,167,Water
-37,169,Water
-37,171,Water
-37,173,Water
-37,175,Land
-37,177,Water
-37,179,Water
-35,-179,Water
-35,-177,Water
-35,-175,Water
-35,-173,Water
-35,-171,Water
-35,-169,Water
-35,-167,Water
-35,-165,Water
-35,-163,Water
-35,-161,Water
-35,-159,Water
-35,-157,Water
-35,-155,Water
-35,-153,Water
-35,-151,Water
-35,-149,Water
-35,-147,Water
-35,-145,Water
-35,-143,Water
-35,-141,Water
-35,-139,Water
-35,-137,Water
-35,-135,Water
-35,-133,Water
-35,-131,Water
-35,-129,Water
-35,-127,Water
-35,-125,Water
-35,-123,Water
-35,-121,Water
-35,-119,Water
-35,-117,Water
-35,-115,Water
-35,-113,Water
-35,-111,Water
-35,-109,Water
-35,-107,Water
-35,-105,Water
-35,-103,Water
-35,-101,Water
-35,-99,Water
-35,-97,Water
-35,-95,Water
-35,-93,Water
-35,-91,Water
-35,-89,Water
-35,-87,Water
-35,-85,Water
-35,-83,Water
-35,-81,Water
-35,-79,Water
-35,-77,Water
-35,-75,Water
-35,-73,Water
-35,-71,Land
-35,-69,Land
-35,-67,Land
-35,-65,Land
-35,-63,Land
-35,-61,Land
-35,-59,Land
-35,-57,Water
-35,-55,Water
-35,-53,Water
-35,-51,Water
-35,-49,Water
-35,-47,Water
-35,-45,Water
-35,-43,Water
-35,-41,Water
-35,-39,Water
-35,-37,Water
-35,-35,Water
-35,-33,Water
-35,-31,Water
-35,-29,Water
-35,-27,Water
-35,-25,Water
-35,-23,Water
-35,-21,Water
-35,-19,Water
-35,-17,Water
-35,-15,Water
-35,-13,Water
-35,-11,Water
-35,-9,Water
-35,-7,Water
-35,-5,Water
-35,-3,Water
-35,-1,Water
-35,1,Water
-35,3,Water
-35,5,Water
-35,7,Water
-35,9,Water
-35,11,Water
-35,13,Water
-35,15,Water
-35,17,Water
-35,19,Water
-35,21,Water
-35,23,Water
-35,25,Water
-35,27,Water
-35,29,Water
-35,31,Water
-35,33,Water
-35,35,Water
-35,37,Water
-35,39,Water
-35,41,Water
-35,43,Water
-35,45,Water
-35,47,Water
-35,49,Water
-35,51,Water
-35,53,Water
-35,55,Water
-35,57,Water
-35,59,Water
-35,61,Water
-35,63,Water
-35,65,Water
-35,67,Water
-35,69,Water
-35,71,Water
-35,73,Water
-35,75,Water
-35,77,Water
-35,79,Water
-35,81,Water
-35,83,Water
-35,85,Water
-35,87,Water
-35,89,Water
-35,91,Water
-35,93,Water
-35,95,Water
-35,97,Water
-35,99,Water
-35,101,Water
-35,103,Water
-35,105,Water
-35,107,Water
-35,109,Water
-35,111,Water
-35,113,Water
-35,115,Water
-35,117,Land
-35,119,Water
-35,121,Water
-35,123,Water
-35,125,Water
-35,127,Water
-35,129,Water
-35,131,Water
-35,133,Water
-35,135,Water
-35,137,Land
-35,139,Land
-35,141,Land
-35,143,Land
-35,145,Land
-35,147,Land
-35,149,Land
-35,151,Water
-35,153,Water
-35,155,Water
-35,157,Water
-35,159,Water
-35,161,Water
-35,163,Water
-35,165,Water
-35,167,Water
-35,169,Water
-35,171,Water
-35,173,Water
-35,175,Water
-35,177,Water
-35,179,Water
-33,-179,Water
-33,-177,Water
-33,-175,Water
-33,-173,Water
-33,-171,Water
-33,-169,Water
-33,-167,Water
-33,-165,Water
-33,-163,Water
-33,-161,Water
-33,-159,Water
-33,-157,Water
-33,-155,Water
-33,-153,Water
-33,-151,Water
-33,-149,Water
-33,-147,Water
-33,-145,Water
-33,-143,Water
-33,-141,Water
-33,-139,Water
-33,-137,Water
-33,-135,Water
-33,-133,Water
-33,-131,Water
-33,-129,Water
-33,-127,Water
-33,-125,Water
-33,-123,Water
-33,-121,Water
-33,-119,Water
-33,-117,Water
-33,-115,Water
-33,-113,Water
-33,-111,Water
-33,-109,Water
-33,-107,Water
-33,-105,Water
-33,-103,Water
-33,-101,Water
-33,-99,Water
-33,-97,Water
-33,-95,Water
-33,-93,Water
-33,-91,Water
-33,-89,Water
-33,-87,Water
-33,-85,Water
-33,-83,Water
-33,-81,Water
-33,-79,Water
-33,-77,Water
-33,-75,Water
-33,-73,Water
-33,-71,Land
-33,-69,Land
-33,-67,Land
-33,-65,Land
-33,-63,Land
-33,-61,Land
-33,-59,Land
-33,-57,Land
-33,-55,Land
-33,-53,Land
-33,-51,Water
-33,-49,Water
-33,-47,Water
-33,-45,Water
-33,-43,Water
-33,-41,Water
-33,-39,Water
-33,-37,Water
-33,-35,Water
-33,-33,Water
-33,-31,Water
-33,-29,Water
-33,-27,Water
-33,-25,Water
-33,-23,Water
-33,-21,Water
-33,-19,Water
-33,-17,Water
-33,-15,Water
-33,-13,Water
-33,-11,Water
-33,-9,Water
-33,-7,Water
-33,-5,Water
-33,-3,Water
-33,-1,Water
-33,1,Water
-33,3,Water
-33,5,Water
-33,7,Water
-33,9,Water
-33,11,Water
-33,13,Water
-33,15,Water
-33,17,Water
-33,19,Land
-33,21,Land
-33,23,Land
-33,25,Land
-33,27,Land
-33,29,Water
-33,31,Water
-33,33,Water
-33,35,Water
-33,37,Water
-33,39,Water
-33,41,Water
-33,43,Water
-33,45,Water
-33,47,Water
-33,49,Water
-33,51,Water
-33,53,Water
-33,55,Water
-33,57,Water
-33,59,Water
-33,61,Water
-33,63,Water
-33,65,Water
-33,67,Water
-33,69,Water
-33,71,Water
-33,73,Water
-33,75,Water
-33,77,Water
-33,79,Water
-33,81,Water
-33,83,Water
-33,85,Water
-33,87,Water
-33,89,Water
-33,91,Water
-33,93,Water
-33,95,Water
-33,97,Water
-33,99,Water
-33,101,Water
-33,103,Water
-33,105,Water
-33,107,Water
-33,109,Water
-33,111,Water
-33,113,Water
-33,115,Water
-33,117,Land
-33,119,Land
-33,121,Land
-33,123,Land
-33,125,Water
-33,127,Water
-33,129,Water
-33,131,Water
-33,133,Water
-33,135,Land
-33,137,Land
-33,139,Land
-33,141,Land
-33,143,Land
-33,145,Land
-33,147,Land
-33,149,Land
-33,151,Land
-33,153,Water
-33,155,Water
-33,157,Water
-33,159,Water
-33,161,Water
-33,163,Water
-33,165,Water
-33,167,Water
-33,169,Water
-33,171,Water
-33,173,Water
-33,175,Water
-33,177,Water
-33,179,Water
-31,-179,Water
-31,-177,Water
-31,-175,Water
-31,-173,Water
-31,-171,Water
-31,-169,Water
-31,-167,Water
-31,-165,Water
-31,-163,Water
-31,-161,Water
-31,-159,Water
-31,-157,Water
-31,-155,Water
-31,-153,Water
-31,-151,Water
-31,-149,Water
-31,-147,Water
-31,-145,Water
-31,-143,Water
-31,-141,Water
-31,-139,Water
-31,-137,Water
-31,-135,Water
-31,-133,Water
-31,-131,Water
-31,-129,Water
-31,-127,Water
-31,-125,Water
-31,-123,Water
-31,-121,Water
-31,-119,Water
-31,-117,Water
-31,-115,Water
-31,-113,Water
-31,-111,Water
-31,-109,Water
-31,-107,Water
-31,-105,Water
-31,-103,Water
-31,-101,Water
-31,-99,Water
-31,-97,Water
-31,-95,Water
-31,-93,Water
-31,-91,Water
-31,-89,Water
-31,-87,Water
-31,-85,Water
-31,-83,Water
-31,-81,Water
-31,-79,Water
-31,-77,Water
-31,-75,Water
-31,-73,Water
-31,-71,Land
-31,-69,Land
-31,-67,Land
-31,-65,Land
-31,-63,Land
-31,-61,Land
-31,-59,Land
-31,-57,Land
-31,-55,Land
-31,-53,Land
-31,-51,Water
-31,-49,Water
-31,-47,Water
-31,-45,Water
-31,-43,Water
-31,-41,Water
-31,-39,Water
-31,-37,Water
-31,-35,Water
-31,-33,Water
-31,-31,Water
-31,-29,Water
-31,-27,Water
-31,-25,Water
-31,-23,Water
-31,-21,Water
-31,-19,Water
-31,-17,Water
-31,-15,Water
-31,-13,Water
-31,-11,Water
-31,-9,Water
-31,-7,Water
-31,-5,Water
-31,-3,Water
-31,-1,Water
-31,1,Water
-31,3,Water
-31,5,Water
-31,7,Water
-31,9,Water
-31,11,Water
-31,13,Water
-31,15,Water
-31,17,Water
-31,19,Land
-31,21,Land
-31,23,Land
-31,25,Land
-31,27,Land
-31,29,Land
-31,31,Water
-31,33,Water
-31,35,Water
-31,37,Water
-31,39,Water
-31,41,Water
-31,43,Water
-31,45,Water
-31,47,Water
-31,49,Water
-31,51,Water
-31,53,Water
-31,55,Water
-31,57,Water
-31,59,Water
-31,61,Water
-31,63,Water
-31,65,Water
-31,67,Water
-31,69,Water
-31,71,Water
-31,73,Water
-31,75,Water
-31,77,Water
-31,79,Water
-31,81,Water
-31,83,Water
-31,85,Water
-31,87,Water
-31,89,Water
-31,91,Water
-31,93,Water
-31,95,Water
-31,97,Water
-31,99,Water
-31,101,Water
-31,103,Water
-31,105,Water
-31,107,Water
-31,109,Water
-31,111,Water
-31,113,Water
-31,115,Water
-31,117,Land
-31,119,Land
-31,121,Land
-31,123,Land
-31,125,Land
-31,127,Land
-31,129,Land
-31,131,Land
-31,133,Land
-31,135,Land
-31,137,Land
-31,139,Land
-31,141,Land
-31,143,Land
-31,145,Land
-31,147,Land
-31,149,Land
-31,151,Land
-31,153,Land
-31,155,Water
-31,157,Water
-31,159,Water
-31,161,Water
-31,163,Water
-31,165,Water
-31,167,Water
-31,169,Water
-31,171,Water
-31,173,Water
-31,175,Water
-31,177,Water
-31,179,Water
-29,-179,Water
-29,-177,Water
-29,-175,Water
-29,-173,Water
-29,-171,Water
-29,-169,Water
-29,-167,Water
-29,-165,Water
-29,-163,Water
-29,-161,Water
-29,-159,Water
-29,-157,Water
-29,-155,Water
-29,-153,Water
-29,-151,Water
-29,-149,Water
-29,-147,Water
-29,-145,Water
-29,-143,Water
-29,-141,Water
-29,-139,Water
-29,-137,Water
-29,-135,Water
-29,-133,Water
-29,-131,Water
-29,-129,Water
-29,-127,Water
-29,-125,Water
-29,-123,Water
-29,-121,Water
-29,-119,Water
-29,-117,Water
-29,-115,Water
-29,-113,Water
-29,-111,Water
-29,-109,Water
-29,-107,Water
-29,-105,Water
-29,-103,Water
-29,-101,Water
-29,-99,Water
-29,-97,Water
-29,-95,Water
-29,-93,Water
-29,-91,Water
-29,-89,Water
-29,-87,Water
-29,-85,Water
-29,-83,Water
-29,-81,Water
-29,-79,Water
-29,-77,Water
-29,-75,Water
-29,-73,Water
-29,-71,Land
-29,-69,Land
-29,-67,Land
-29,-65,Land
-29,-63,Land
-29,-61,Land
-29,-59,Land
-29,-57,Land
-29,-55,Land
-29,-53,Land
-29,-51,Land
-29,-49,Water
-29,-47,Water
-29,-45,Water
-29,-43,Water
-29,-41,Water
-29,-39,Water
-29,-37,Water
-29,-35,Water
-29,-33,Water
-29,-31,Water
-29,-29,Water
-29,-27,Water
-29,-25,Water
-29,-23,Water
-29,-21,Water
-29,-19,Water
-29,-17,Water
-29,-15,Water
-29,-13,Water
-29,-11,Water
-29,-9,Water
-29,-7,Water
-29,-5,Water
-29,-3,Water
-29,-1,Water
-29,1,Water
-29,3,Water
-29,5,Water
-29,7,Water
-29,9,Water
-29,11,Water
-29,13,Water
-29,15,Water
-29,17,Land
-29,19,Land
-29,21,Land
-29,23,Land
-29,25,Land
-29,27,Land
-29,29,Land
-29,31,Land
-29,33,Water
-29,35,Water
-29,37,Water
-29,39,Water
-29,41,Water
-29,43,Water
-29,45,Water
-29,47,Water
-29,49,Water
-29,51,Water
-29,53,Water
-29,55,Water
-29,57,Water
-29,59,Water
-29,61,Water
-29,63,Water
-29,65,Water
-29,67,Water
-29,69,Water
-29,71,Water
-29,73,Water
-29,75,Water
-29,77,Water
-29,79,Water
-29,81,Water
-29,83,Water
-29,85,Water
-29,87,Water
-29,89,Water
-29,91,Water
-29,93,Water
-29,95,Water
-29,97,Water
-29,99,Water
-29,101,Water
-29,103,Water
-29,105,Water
-29,107,Water
-29,109,Water
-29,111,Water
-29,113,Water
-29,115,Land
-29,117,Land
-29,119,Land
-29,121,Land
-29,123,Land
-29,125,Land
-29,127,Land
-29,129,Land
-29,131,Land
-29,133,Land
-29,135,Land
-29,137,Land
-29,139,Land
-29,141,Land
-29,143,Land
-29,145,Land
-29,147,Land
-29,149,Land
-29,151,Land
-29,153,Land
-29,155,Water
-29,157,Water
-29,159,Water
-29,161,Water
-29,163,Water
-29,165,Water
-29,167,Water
-29,169,Water
-29,171,Water
-29,173,Water
-29,175,Water
-29,177,Water
-29,179,Water
-27,-179,Water
-27,-177,Water
-27,-175,Water
-27,-173,Water
-27,-171,Water
-27,-169,Water
-27,-167,Water
-27,-165,Water
-27,-163,Water
-27,-161,Water
-27,-159,Water
-27,-157,Water
-27,-155,Water
-27,-153,Water
-27,-151,Water
-27,-149,Water
-27,-147,Water
-27,-145,Water
-27,-143,Water
-27,-141,Water
-27,-139,Water
-27,-137,Water
-27,-135,Water
-27,-133,Water
-27,-131,Water
-27,-129,Water
-27,-127,Water
-27,-125,Water
-27,-123,Water
-27,-121,Water
-27,-119,Water
-27,-117,Water
-27,-115,Water
-27,-113,Water
-27,-111,Water
-27,-109,Water
-27,-107,Water
-27,-105,Water
-27,-103,Water
-27,-101,Water
-27,-99,Water
-27,-97,Water
-27,-95,Water
-27,-93,Water
-27,-91,Water
-27,-89,Water
-27,-87,Water
-27,-85,Water
-27,-83,Water
-27,-81,Water
-27,-79,Water
-27,-77,Water
-27,-75,Water
-27,-73,Water
-27,-71,Water
-27,-69,Land
-27,-67,Land
-27,-65,Land
-27,-63,Land
-27,-61,Land
-27,-59,Land
-27,-57,Land
-27,-55,Land
-27,-53,Land
-27,-51,Land
-27,-49,Land
-27,-47,Water
-27,-45,Water
-27,-43,Water
-27,-41,Water
-27,-39,Water
-27,-37,Water
-27,-35,Water
-27,-33,Water
-27,-31,Water
-27,-29,Water
-27,-27,Water
-27,-25,Water
-27,-23,Water
-27,-21,Water
-27,-19,Water
-27,-17,Water
-27,-15,Water
-27,-13,Water
-27,-11,Water
-27,-9,Water
-27,-7,Water
-27,-5,Water
-27,-3,Water
-27,-1,Water
-27,1,Water
-27,3,Water
-27,5,Water
-27,7,Water
-27,9,Water
-27,11,Water
-27,13,Water
-27,15,Water
-27,17,Land
-27,19,Land
-27,21,Land
-27,23,Land
-27,25,Land
-27,27,Land
-27,29,Land
-27,31,Land
-27,33,Water
-27,35,Water
-27,37,Water
-27,39,Water
-27,41,Water
-27,43,Water
-27,45,Water
-27,47,Water
-27,49,Water
-27,51,Water
-27,53,Water
-27,55,Water
-27,57,Water
-27,59,Water
-27,61,Water
-27,63,Water
-27,65,Water
-27,67,Water
-27,69,Water
-27,71,Water
-27,73,Water
-27,75,Water
-27,77,Water
-27,79,Water
-27,81,Water
-27,83,Water
-27,85,Water
-27,87,Water
-27,89,Water
-27,91,Water
-27,93,Water
-27,95,Water
-27,97,Water
-27,99,Water
-27,101,Water
-27,103,Water
-27,105,Water
-27,107,Water
-27,109,Water
-27,111,Water
-27,113,Water
-27,115,Land
-27,117,Land
-27,119,Land
-27,121,Land
-27,123,Land
-27,125,Land
-27,127,Land
-27,129,Land
-27,131,Land
-27,133,Land
-27,135,Land
-27,137,Land
-27,139,Land
-27,141,Land
-27,143,Land
-27,145,Land
-27,147,Land
-27,149,Land
-27,151,Land
-27,153,Land
-27,155,Water
-27,157,Water
-27,159,Water
-27,161,Water
-27,163,Water
-27,165,Water
-27,167,Water
-27,169,Water
-27,171,Water
-27,173,Water
-27,175,Water
-27,177,Water
-27,179,Water
-25,-179,Water
-25,-177,Water
-25,-175,Water
-25,-173,Water
-25,-171,Water
-25,-169,Water
-25,-167,Water
-25,-165,Water
-25,-163,Water
-25,-161,Water
-25,-159,Water
-25,-157,Water
-25,-155,Water
-25,-153,Water
-25,-151,Water
-25,-149,Water
-25,-147,Water
-25,-145,Water
-25,-143,Water
-25,-141,Water
-25,-139,Water
-25,-137,Water
-25,-135,Water
-25,-133,Water
-25,-131,Water
-25,-129,Water
-25,-127,Water
-25,-125,Water
-25,-123,Water
-25,-121,Water
-25,-119,Water
-25,-117,Water
-25,-115,Water
-25,-113,Water
-25,-111,Water
-25,-109,Water
-25,-107,Water
-25,-105,Water
-25,-103,Water
-25,-101,Water
-25,-99,Water
-25,-97,Water
-25,-95,Water
-25,-93,Water
-25,-91,Water
-25,-89,Water
-25,-87,Water
-25,-85,Water
-25,-83,Water
-25,-81,Water
-25,-79,Water
-25,-77,Water
-25,-75,Water
-25,-73,Water
-25,-71,Water
-25,-69,Land
-25,-67,Land
-25,-65,Land
-25,-63,Land
-25,-61,Land
-25,-59,Land
-25,-57,Land
-25,-55,Land
-25,-53,Land
-25,-51,Land
-25,-49,Land
-25,-47,Water
-25,-45,Water
-25,-43,Water
-25,-41,Water
-25,-39,Water
-25,-37,Water
-25,-35,Water
-25,-33,Water
-25,-31,Water
-25,-29,Water
-25,-27,Water
-25,-25,Water
-25,-23,Water
-25,-21,Water
-25,-19,Water
-25,-17,Water
-25,-15,Water
-25,-13,Water
-25,-11,Water
-25,-9,Water
-25,-7,Water
-25,-5,Water
-25,-3,Water
-25,-1,Water
-25,1,Water
-25,3,Water
-25,5,Water
-25,7,Water
-25,9,Water
-25,11,Water
-25,13,Water
-25,15,Land
-25,17,Land
-25,19,Land
-25,21,Land
-25,23,Land
-25,25,Land
-25,27,Land
-25,29,Land
-25,31,Land
-25,33,Land
-25,35,Water
-25,37,Water
-25,39,Water
-25,41,Water
-25,43,Water
-25,45,Land
-25,47,Water
-25,49,Water
-25,51,Water
-25,53,Water
-25,55,Water
-25,57,Water
-25,59,Water
-25,61,Water
-25,63,Water
-25,65,Water
-25,67,Water
-25,69,Water
-25,71,Water
-25,73,Water
-25,75,Water
-25,77,Water
-25,79,Water
-25,81,Water
-25,83,Water
-25,85,Water
-25,87,Water
-25,89,Water
-25,91,Water
-25,93,Water
-25,95,Water
-25,97,Water
-25,99,Water
-25,101,Water
-25,103,Water
-25,105,Water
-25,107,Water
-25,109,Water
-25,111,Water
-25,113,Water
-25,115,Land
-25,117,Land
-25,119,Land
-25,121,Land
-25,123,Land
-25,125,Land
-25,127,Land
-25,129,Land
-25,131,Land
-25,133,Land
-25,135,Land
-25,137,Land
-25,139,Land
-25,141,Land
-25,143,Land
-25,145,Land
-25,147,Land
-25,149,Land
-25,151,Land
-25,153,Water
-25,155,Water
-25,157,Water
-25,159,Water
-25,161,Water
-25,163,Water
-25,165,Water
-25,167,Water
-25,169,Water
-25,171,Water
-25,173,Water
-25,175,Water
-25,177,Water
-25,179,Water
-23,-179,Water
-23,-177,Water
-23,-175,Water
-23,-173,Water
-23,-171,Water
-23,-169,Water
-23,-167,Water
-23,-165,Water
-23,-163,Water
-23,-161,Water
-23,-159,Water
-23,-157,Water
-23,-155,Water
-23,-153,Water
-23,-151,Water
-23,-149,Water
-23,-147,Water
-23,-145,Water
-23,-143,Water
-23,-141,Water
-23,-139,Water
-23,-137,Water
-23,-135,Water
-23,-133,Water
-23,-131,Water
-23,-129,Water
-23,-127,Water
-23,-125,Water
-23,-123,Water
-23,-121,Water
-23,-119,Water
-23,-117,Water
-23,-115,Water
-23,-113,Water
-23,-111,Water
-23,-109,Water
-23,-107,Water
-23,-105,Water
-23,-103,Water
-23,-101,Water
-23,-99,Water
-23,-97,Water
-23,-95,Water
-23,-93,Water
-23,-91,Water
-23,-89,Water
-23,-87,Water
-23,-85,Water
-23,-83,Water
-23,-81,Water
-23,-79,Water
-23,-77,Water
-23,-75,Water
-23,-73,Water
-23,-71,Water
-23,-69,Land
-23,-67,Land
-23,-65,Land
-23,-63,Land
-23,-61,Land
-23,-59,Land
-23,-57,Land
-23,-55,Land
-23,-53,Land
-23,-51,Land
-23,-49,Land
-23,-47,Land
-23,-45,Land
-23,-43,Water
-23,-41,Water
-23,-39,Water
-23,-37,Water
-23,-35,Water
-23,-33,Water
-23,-31,Water
-23,-29,Water
-23,-27,Water
-23,-25,Water
-23,-23,Water
-23,-21,Water
-23,-19,Water
-23,-17,Water
-23,-15,Water
-23,-13,Water
-23,-11,Water
-23,-9,Water
-23,-7,Water
-23,-5,Water
-23,-3,Water
-23,-1,Water
-23,1,Water
-23,3,Water
-23,5,Water
-23,7,Water
-23,9,Water
-23,11,Water
-23,13,Water
-23,15,Land
-23,17,Land
-23,19,Land
-23,21,Land
-23,23,Land
-23,25,Land
-23,27,Land
-23,29,Land
-23,31,Land
-23,33,Land
-23,35,Land
-23,37,Water
-23,39,Water
-23,41,Water
-23,43,Water
-23,45,Land
-23,47,Land
-23,49,Water
-23,51,Water
-23,53,Water
-23,55,Water
-23,57,Water
-23,59,Water
-23,61,Water
-23,63,Water
-23,65,Water
-23,67,Water
-23,69,Water
-23,71,Water
-23,73,Water
-23,75,Water
-23,77,Water
-23,79,Water
-23,81,Water
-23,83,Water
-23,85,Water
-23,87,Water
-23,89,Water
-23,91,Water
-23,93,Water
-23,95,Water
-23,97,Water
-23,99,Water
-23,101,Water
-23,103,Water
-23,105,Water
-23,107,Water
-23,109,Water
-23,111,Water
-23,113,Water
-23,115,Land
-23,117,Land
-23,119,Land
-23,121,Land
-23,123,Land
-23,125,Land
-23,127,Land
-23,129,Land
-23,131,Land
-23,133,Land
-23,135,Land
-23,137,Land
-23,139,Land
-23,141,Land
-23,143,Land
-23,145,Land
-23,147,Land
-23,149,Land
-23,151,Water
-23,153,Water
-23,155,Water
-23,157,Water
-23,159,Water
-23,161,Water
-23,163,Water
-23,165,Water
-23,167,Water
-23,169,Water
-23,171,Water
-23,173,Water
-23,175,Water
-23,177,Water
-23,179,Water
-21,-179,Water
-21,-177,Water
-21,-175,Water
-21,-173,Water
-21,-171,Water
-21,-169,Water
-21,-167,Water
-21,-165,Water
-21,-163,Water
-21,-161,Water
-21,-159,Water
-21,-157,Water
-21,-155,Water
-21,-153,Water
-21,-151,Water
-21,-149,Water
-21,-147,Water
-21,-145,Water
-21,-143,Water
-21,-141,Water
-21,-139,Water
-21,-137,Water
-21,-135,Water
-21,-133,Water
-21,-131,Water
-21,-129,Water
-21,-127,Water
-21,-125,Water
-21,-123,Water
-21,-121,Water
-21,-119,Water
-21,-117,Water
-21,-115,Water
-21,-113,Water
-21,-111,Water
-21,-109,Water
-21,-107,Water
-21,-105,Water
-21,-103,Water
-21,-101,Water
-21,-99,Water
-21,-97,Water
-21,-95,Water
-21,-93,Water
-21,-91,Water
-21,-89,Water
-21,-87,Water
-21,-85,Water
-21,-83,Water
-21,-81,Water
-21,-79,Water
-21,-77,Water
-21,-75,Water
-21,-73,Water
-21,-71,Water
-21,-69,Land
-21,-67,Land
-21,-65,Land
-21,-63,Land
-21,-61,Land
-21,-59,Land
-21,-57,Land
-21,-55,Land
-21,-53,Land
-21,-51,Land
-21,-49,Land
-21,-47,Land
-21,-45,Land
-21,-43,Land
-21,-41,Land
-21,-39,Water
-21,-37,Water
-21,-35,Water
-21,-33,Water
-21,-31,Water
-21,-29,Water
-21,-27,Water
-21,-25,Water
-21,-23,Water
-21,-21,Water
-21,-19,Water
-21,-17,Water
-21,-15,Water
-21,-13,Water
-21,-11,Water
-21,-9,Water
-21,-7,Water
-21,-5,Water
-21,-3,Water
-21,-1,Water
-21,1,Water
-21,3,Water
-21,5,Water
-21,7,Water
-21,9,Water
-21,11,Water
-21,13,Water
-21,15,Land
-21,17,Land
-21,19,Land
-21,21,Land
-21,23,Land
-21,25,Land
-21,27,Land
-21,29,Land
-21,31,Land
-21,33,Land
-21,35,Land
-21,37,Water
-21,39,Water
-21,41,Water
-21,43,Water
-21,45,Land
-21,47,Land
-21,49,Water
-21,51,Water
-21,53,Water
-21,55,Water
-21,57,Water
-21,59,Water
-21,61,Water
-21,63,Water
-21,65,Water
-21,67,Water
-21,69,Water
-21,71,Water
-21,73,Water
-21,75,Water
-21,77,Water
-21,79,Water
-21,81,Water
-21,83,Water
-21,85,Water
-21,87,Water
-21,89,Water
-21,91,Water
-21,93,Water
-21,95,Water
-21,97,Water
-21,99,Water
-21,101,Water
-21,103,Water
-21,105,Water
-21,107,Water
-21,109,Water
-21,111,Water
-21,113,Water
-21,115,Water
-21,117,Land
-21,119,Land
-21,121,Land
-21,123,Land
-21,125,Land
-21,127,Land
-21,129,Land
-21,131,Land
-21,133,Land
-21,135,Land
-21,137,Land
-21,139,Land
-21,141,Land
-21,143,Land
-21,145,Land
-21,147,Land
-21,149,Land
-21,151,Water
-21,153,Water
-21,155,Water
-21,157,Water
-21,159,Water
-21,161,Water
-21,163,Water
-21,165,Land
-21,167,Water
-21,169,Water
-21,171,Water
-21,173,Water
-21,175,Water
-21,177,Water
-21,179,Water
-19,-179,Water
-19,-177,Water
-19,-175,Water
-19,-173,Water
-19,-171,Water
-19,-169,Water
-19,-167,Water
-19,-165,Water
-19,-163,Water
-19,-161,Water
-19,-159,Water
-19,-157,Water
-19,-155,Water
-19,-153,Water
-19,-151,Water
-19,-149,Water
-19,-147,Water
-19,-145,Water
-19,-143,Water
-19,-141,Water
-19,-139,Water
-19,-137,Water
-19,-135,Water
-19,-133,Water
-19,-131,Water
-19,-129,Water
-19,-127,Water
-19,-125,Water
-19,-123,Water
-19,-121,Water
-19,-119,Water
-19,-117,Water
-19,-115,Water
-19,-113,Water
-19,-111,Water
-19,-109,Water
-19,-107,Water
-19,-105,Water
-19,-103,Water
-19,-101,Water
-19,-99,Water
-19,-97,Water
-19,-95,Water
-19,-93,Water
-19,-91,Water
-19,-89,Water
-19,-87,Water
-19,-85,Water
-19,-83,Water
-19,-81,Water
-19,-79,Water
-19,-77,Water
-19,-75,Water
-19,-73,Water
-19,-71,Water
-19,-69,Land
-19,-67,Water
-19,-65,Land
-19,-63,Land
-19,-61,Land
-19,-59,Land
-19,-57,Land
-19,-55,Land
-19,-53,Land
-19,-51,Land
-19,-49,Land
-19,-47,Land
-19,-45,Land
-19,-43,Land
-19,-41,Land
-19,-39,Water
-19,-37,Water
-19,-35,Water
-19,-33,Water
-19,-31,Water
-19,-29,Water
-19,-27,Water
-19,-25,Water
-19,-23,Water
-19,-21,Water
-19,-19,Water
-19,-17,Water
-19,-15,Water
-19,-13,Water
-19,-11,Water
-19,-9,Water
-19,-7,Water
-19,-5,Water
-19,-3,Water
-19,-1,Water
-19,1,Water
-19,3,Water
-19,5,Water
-19,7,Water
-19,9,Water
-19,11,Water
-19,13,Land
-19,15,Land
-19,17,Land
-19,19,Land
-19,21,Land
-19,23,Land
-19,25,Land
-19,27,Land
-19,29,Land
-19,31,Land
-19,33,Land
-19,35,Land
-19,37,Water
-19,39,Water
-19,41,Water
-19,43,Water
-19,45,Land
-19,47,Land
-19,49,Land
-19,51,Water
-19,53,Water
-19,55,Water
-19,57,Water
-19,59,Water
-19,61,Water
-19,63,Water
-19,65,Water
-19,67,Water
-19,69,Water
-19,71,Water
-19,73,Water
-19,75,Water
-19,77,Water
-19,79,Water
-19,81,Water
-19,83,Water
-19,85,Water
-19,87,Water
-19,89,Water
-19,91,Water
-19,93,Water
-19,95,Water
-19,97,Water
-19,99,Water
-19,101,Water
-19,103,Water
-19,105,Water
-19,107,Water
-19,109,Water
-19,111,Water
-19,113,Water
-19,115,Water
-19,117,Water
-19,119,Water
-19,121,Water
-19,123,Land
-19,125,Land
-19,127,Land
-19,129,Land
-19,131,Land
-19,133,Land
-19,135,Land
-19,137,Land
-19,139,Land
-19,141,Land
-19,143,Land
-19,145,Land
-19,147,Water
-19,149,Water
-19,151,Water
-19,153,Water
-19,155,Water
-19,157,Water
-19,159,Water
-19,161,Water
-19,163,Water
-19,165,Water
-19,167,Water
-19,169,Water
-19,171,Water
-19,173,Water
-19,175,Water
-19,177,Water
-19,179,Water
-17,-179,Water
-17,-177,Water
-17,-175,Water
-17,-173,Water
-17,-171,Water
-17,-169,Water
-17,-167,Water
-17,-165,Water
-17,-163,Water
-17,-161,Water
-17,-159,Water
-17,-157,Water
-17,-155,Water
-17,-153,Water
-17,-151,Water
-17,-149,Water
-17,-147,Water
-17,-145,Water
-17,-143,Water
-17,-141,Water
-17,-139,Water
-17,-137,Water
-17,-135,Water
-17,-133,Water
-17,-131,Water
-17,-129,Water
-17,-127,Water
-17,-125,Water
-17,-123,Water
-17,-121,Water
-17,-119,Water
-17,-117,Water
-17,-115,Water
-17,-113,Water
-17,-111,Water
-17,-109,Water
-17,-107,Water
-17,-105,Water
-17,-103,Water
-17,-101,Water
-17,-99,Water
-17,-97,Water
-17,-95,Water
-17,-93,Water
-17,-91,Water
-17,-89,Water
-17,-87,Water
-17,-85,Water
-17,-83,Water
-17,-81,Water
-17,-79,Water
-17,-77,Water
-17,-75,Water
-17,-73,Water
-17,-71,Land
-17,-69,Land
-17,-67,Land
-17,-65,Land
-17,-63,Land
-17,-61,Land
-17,-59,Land
-17,-57,Land
-17,-55,Land
-17,-53,Land
-17,-51,Land
-17,-49,Land
-17,-47,Land
-17,-45,Land
-17,-43,Land
-17,-41,Land
-17,-39,Water
-17,-37,Water
-17,-35,Water
-17,-33,Water
-17,-31,Water
-17,-29,Water
-17,-27,Water
-17,-25,Water
-17,-23,Water
-17,-21,Water
-17,-19,Water
-17,-17,Water
-17,-15,Water
-17,-13,Water
-17,-11,Water
-17,-9,Water
-17,-7,Water
-17,-5,Water
-17,-3,Water
-17,-1,Water
-17,1,Water
-17,3,Water
-17,5,Water
-17,7,Water
-17,9,Water
-17,11,Water
-17,13,Land
-17,15,Land
-17,17,Land
-17,19,Land
-17,21,Land
-17,23,Land
-17,25,Land
-17,27,Land
-17,29,Land
-17,31,Land
-17,33,Land
-17,35,Land
-17,37,Land
-17,39,Land
-17,41,Water
-17,43,Water
-17,45,Land
-17,47,Land
-17,49,Land
-17,51,Water
-17,53,Water
-17,55,Water
-17,57,Water
-17,59,Water
-17,61,Water
-17,63,Water
-17,65,Water
-17,67,Water
-17,69,Water
-17,71,Water
-17,73,Water
-17,75,Water
-17,77,Water
-17,79,Water
-17,81,Water
-17,83,Water
-17,85,Water
-17,87,Water
-17,89,Water
-17,91,Water
-17,93,Water
-17,95,Water
-17,97,Water
-17,99,Water
-17,101,Water
-17,103,Water
-17,105,Water
-17,107,Water
-17,109,Water
-17,111,Water
-17,113,Water
-17,115,Water
-17,117,Water
-17,119,Water
-17,121,Water
-17,123,Land
-17,125,Land
-17,127,Land
-17,129,Land
-17,131,Land
-17,133,Land
-17,135,Land
-17,137,Land
-17,139,Land
-17,141,Land
-17,143,Land
-17,145,Land
-17,147,Water
-17,149,Water
-17,151,Water
-17,153,Water
-17,155,Water
-17,157,Water
-17,159,Water
-17,161,Water
-17,163,Water
-17,165,Water
-17,167,Water
-17,169,Water
-17,171,Water
-17,173,Water
-17,175,Water
-17,177,Water
-17,179,Water
-15,-179,Water
-15,-177,Water
-15,-175,Water
-15,-173,Water
-15,-171,Water
-15,-169,Water
-15,-167,Water
-15,-165,Water
-15,-163,Water
-15,-161,Water
-15,-159,Water
-15,-157,Water
-15,-155,Water
-15,-153,Water
-15,-151,Water
-15,-149,Water
-15,-147,Water
-15,-145,Water
-15,-143,Water
-15,-141,Water
-15,-139,Water
-15,-137,Water
-15,-135,Water
-15,-133,Water
-15,-131,Water
-15,-129,Water
-15,-127,Water
-15,-125,Water
-15,-123,Water
-15,-121,Water
-15,-119,Water
-15,-117,Water
-15,-115,Water
-15,-113,Water
-15,-111,Water
-15,-109,Water
-15,-107,Water
-15,-105,Water
-15,-103,Water
-15,-101,Water
-15,-99,Water
-15,-97,Water
-15,-95,Water
-15,-93,Water
-15,-91,Water
-15,-89,Water
-15,-87,Water
-15,-85,Water
-15,-83,Water
-15,-81,Water
-15,-79,Water
-15,-77,Water
-15,-75,Land
-15,-73,Land
-15,-71,Land
-15,-69,Land
-15,-67,Land
-15,-65,Land
-15,-63,Land
-15,-61,Land
-15,-59,Land
-15,-57,Land
-15,-55,Land
-15,-53,Land
-15,-51,Land
-15,-49,Land
-15,-47,Land
-15,-45,Land
-15,-43,Land
-15,-41,Land
-15,-39,Land
-15,-37,Water
-15,-35,Water
-15,-33,Water
-15,-31,Water
-15,-29,Water
-15,-27,Water
-15,-25,Water
-15,-23,Water
-15,-21,Water
-15,-19,Water
-15,-17,Water
-15,-15,Water
-15,-13,Water
-15,-11,Water
-15,-9,Water
-15,-7,Water
-15,-5,Water
-15,-3,Water
-15,-1,Water
-15,1,Water
-15,3,Water
-15,5,Water
-15,7,Water
-15,9,Water
-15,11,Water
-15,13,Land
-15,15,Land
-15,17,Land
-15,19,Land
-15,21,Land
-15,23,Land
-15,25,Land
-15,27,Land
-15,29,Land
-15,31,Land
-15,33,Land
-15,35,Land
-15,37,Land
-15,39,Land
-15,41,Water
-15,43,Water
-15,45,Water
-15,47,Water
-15,49,Land
-15,51,Water
-15,53,Water
-15,55,Water
-15,57,Water
-15,59,Water
-15,61,Water
-15,63,Water
-15,65,Water
-15,67,Water
-15,69,Water
-15,71,Water
-15,73,Water
-15,75,Water
-15,77,Water
-15,79,Water
-15,81,Water
-15,83,Water
-15,85,Water
-15,87,Water
-15,89,Water
-15,91,Water
-15,93,Water
-15,95,Water
-15,97,Water
-15,99,Water
-15,101,Water
-15,103,Water
-15,105,Water
-15,107,Water
-15,109,Water
-15,111,Water
-15,113,Water
-15,115,Water
-15,117,Water
-15,119,Water
-15,121,Water
-15,123,Water
-15,125,Water
-15,127,Land
-15,129,Land
-15,131,Land
-15,133,Land
-15,135,Land
-15,137,Water
-15,139,Water
-15,141,Water
-15,143,Land
-15,145,Land
-15,147,Water
-15,149,Water
-15,151,Water
-15,153,Water
-15,155,Water
-15,157,Water
-15,159,Water
-15,161,Water
-15,163,Water
-15,165,Water
-15,167,Land
-15,169,Water
-15,171,Water
-15,173,Water
-15,175,Water
-15,177,Water
-15,179,Water
-13,-179,Water
-13,-177,Water
-13,-175,Water
-13,-173,Water
-13,-171,Water
-13,-169,Water
-13,-167,Water
-13,-165,Water
-13,-163,Water
-13,-161,Water
-13,-159,Water
-13,-157,Water
-13,-155,Water
-13,-153,Water
-13,-151,Water
-13,-149,Water
-13,-147,Water
-13,-145,Water
-13,-143,Water
-13,-141,Water
-13,-139,Water
-13,-137,Water
-13,-135,Water
-13,-133,Water
-13,-131,Water
-13,-129,Water
-13,-127,Water
-13,-125,Water
-13,-123,Water
-13,-121,Water
-13,-119,Water
-13,-117,Water
-13,-115,Water
-13,-113,Water
-13,-111,Water
-13,-109,Water
-13,-107,Water
-13,-105,Water
-13,-103,Water
-13,-101,Water
-13,-99,Water
-13,-97,Water
-13,-95,Water
-13,-93,Water
-13,-91,Water
-13,-89,Water
-13,-87,Water
-13,-85,Water
-13,-83,Water
-13,-81,Water
-13,-79,Water
-13,-77,Water
-13,-75,Land
-13,-73,Land
-13,-71,Land
-13,-69,Land
-13,-67,Land
-13,-65,Land
-13,-63,Land
-13,-61,Land
-13,-59,Land
-13,-57,Land
-13,-55,Land
-13,-53,Land
-13,-51,Land
-13,-49,Land
-13,-47,Land
-13,-45,Land
-13,-43,Land
-13,-41,Land
-13,-39,Land
-13,-37,Water
-13,-35,Water
-13,-33,Water
-13,-31,Water
-13,-29,Water
-13,-27,Water
-13,-25,Water
-13,-23,Water
-13,-21,Water
-13,-19,Water
-13,-17,Water
-13,-15,Water
-13,-13,Water
-13,-11,Water
-13,-9,Water
-13,-7,Water
-13,-5,Water
-13,-3,Water
-13,-1,Water
-13,1,Water
-13,3,Water
-13,5,Water
-13,7,Water
-13,9,Water
-13,11,Water
-13,13,Land
-13,15,Land
-13,17,Land
-13,19,Land
-13,21,Land
-13,23,Land
-13,25,Land
-13,27,Land
-13,29,Land
-13,31,Land
-13,33,Land
-13,35,Land
-13,37,Land
-13,39,Land
-13,41,Water
-13,43,Water
-13,45,Water
-13,47,Water
-13,49,Land
-13,51,Water
-13,53,Water
-13,55,Water
-13,57,Water
-13,59,Water
-13,61,Water
-13,63,Water
-13,65,Water
-13,67,Water
-13,69,Water
-13,71,Water
-13,73,Water
-13,75,Water
-13,77,Water
-13,79,Water
-13,81,Water
-13,83,Water
-13,85,Water
-13,87,Water
-13,89,Water
-13,91,Water
-13,93,Water
-13,95,Water
-13,97,Water
-13,99,Water
-13,101,Water
-13,103,Water
-13,105,Water
-13,107,Water
-13,109,Water
-13,111,Water
-13,113,Water
-13,115,Water
-13,117,Water
-13,119,Water
-13,121,Water
-13,123,Water
-13,125,Water
-13,127,Water
-13,129,Water
-13,131,Land
-13,133,Land
-13,135,Land
-13,137,Water
-13,139,Water
-13,141,Water
-13,143,Land
-13,145,Water
-13,147,Water
-13,149,Water
-13,151,Water
-13,153,Water
-13,155,Water
-13,157,Water
-13,159,Water
-13,161,Water
-13,163,Water
-13,165,Water
-13,167,Water
-13,169,Water
-13,171,Water
-13,173,Water
-13,175,Water
-13,177,Water
-13,179,Water
-11,-179,Water
-11,-177,Water
-11,-175,Water
-11,-173,Water
-11,-171,Water
-11,-169,Water
-11,-167,Water
-11,-165,Water
-11,-163,Water
-11,-161,Water
-11,-159,Water
-11,-157,Water
-11,-155,Water
-11,-153,Water
-11,-151,Water
-11,-149,Water
-11,-147,Water
-11,-145,Water
-11,-143,Water
-11,-141,Water
-11,-139,Water
-11,-137,Water
-11,-135,Water
-11,-133,Water
-11,-131,Water
-11,-129,Water
-11,-127,Water
-11,-125,Water
-11,-123,Water
-11,-121,Water
-11,-119,Water
-11,-117,Water
-11,-115,Water
-11,-113,Water
-11,-111,Water
-11,-109,Water
-11,-107,Water
-11,-105,Water
-11,-103,Water
-11,-101,Water
-11,-99,Water
-11,-97,Water
-11,-95,Water
-11,-93,Water
-11,-91,Water
-11,-89,Water
-11,-87,Water
-11,-85,Water
-11,-83,Water
-11,-81,Water
-11,-79,Water
-11,-77,Land
-11,-75,Land
-11,-73,Land
-11,-71,Land
-11,-69,Land
-11,-67,Land
-11,-65,Land
-11,-63,Land
-11,-61,Land
-11,-59,Land
-11,-57,Land
-11,-55,Land
-11,-53,Land
-11,-51,Land
-11,-49,Land
-11,-47,Land
-11,-45,Land
-11,-43,Land
-11,-41,Land
-11,-39,Land
-11,-37,Water
-11,-35,Water
-11,-33,Water
-11,-31,Water
-11,-29,Water
-11,-27,Water
-11,-25,Water
-11,-23,Water
-11,-21,Water
-11,-19,Water
-11,-17,Water
-11,-15,Water
-11,-13,Water
-11,-11,Water
-11,-9,Water
-11,-7,Water
-11,-5,Water
-11,-3,Water
-11,-1,Water
-11,1,Water
-11,3,Water
-11,5,Water
-11,7,Water
-11,9,Water
-11,11,Water
-11,13,Water
-11,15,Land
-11,17,Land
-11,19,Land
-11,21,Land
-11,23,Land
-11,25,Land
-11,27,Water
-11,29,Land
-11,31,Land
-11,33,Land
-11,35,Land
-11,37,Land
-11,39,Land
-11,41,Water
-11,43,Water
-11,45,Water
-11,47,Water
-11,49,Water
-11,51,Water
-11,53,Water
-11,55,Water
-11,57,Water
-11,59,Water
-11,61,Water
-11,63,Water
-11,65,Water
-11,67,Water
-11,69,Water
-11,71,Water
-11,73,Water
-11,75,Water
-11,77,Water
-11,79,Water
-11,81,Water
-11,83,Water
-11,85,Water
-11,87,Water
-11,89,Water
-11,91,Water
-11,93,Water
-11,95,Water
-11,97,Water
-11,99,Water
-11,101,Water
-11,103,Water
-11,105,Water
-11,107,Water
-11,109,Water
-11,111,Water
-11,113,Water
-11,115,Water
-11,117,Water
-11,119,Water
-11,121,Water
-11,123,Water
-11,125,Water
-11,127,Water
-11,129,Water
-11,131,Water
-11,133,Water
-11,135,Water
-11,137,Water
-11,139,Water
-11,141,Water
-11,143,Water
-11,145,Water
-11,147,Water
-11,149,Water
-11,151,Water
-11,153,Water
-11,155,Water
-11,157,Water
-11,159,Water
-11,161,Water
-11,163,Water
-11,165,Water
-11,167,Water
-11,169,Water
-11,171,Water
-11,173,Water
-11,175,Water
-11,177,Water
-11,179,Water
-9,-179,Water
-9,-177,Water
-9,-175,Water
-9,-173,Water
-9,-171,Water
-9,-169,Water
-9,-167,Water
-9,-165,Water
-9,-163,Water
-9,-161,Water
-9,-159,Water
-9,-157,Water
-9,-155,Water
-9,-153,Water
-9,-151,Water
-9,-149,Water
-9,-147,Water
-9,-145,Water
-9,-143,Water
-9,-141,Water
-9,-139,Water
-9,-137,Water
-9,-135,Water
-9,-133,Water
-9,-131,Water
-9,-129,Water
-9,-127,Water
-9,-125,Water
-9,-123,Water
-9,-121,Water
-9,-119,Water
-9,-117,Water
-9,-115,Water
-9,-113,Water
-9,-111,Water
-9,-109,Water
-9,-107,Water
-9,-105,Water
-9,-103,Water
-9,-101,Water
-9,-99,Water
-9,-97,Water
-9,-95,Water
-9,-93,Water
-9,-91,Water
-9,-89,Water
-9,-87,Water
-9,-85,Water
-9,-83,Water
-9,-81,Water
-9,-79,Water
-9,-77,Land
-9,-75,Land
-9,-73,Land
-9,-71,Land
-9,-69,Land
-9,-67,Land
-9,-65,Land
-9,-63,Land
-9,-61,Land
-9,-59,Land
-9,-57,Land
-9,-55,Land
-9,-53,Land
-9,-51,Land
-9,-49,Land
-9,-47,Land
-9,-45,Land
-9,-43,Land
-9,-41,Land
-9,-39,Land
-9,-37,Land
-9,-35,Water
-9,-33,Water
-9,-31,Water
-9,-29,Water
-9,-27,Water
-9,-25,Water
-9,-23,Water
-9,-21,Water
-9,-19,Water
-9,-17,Water
-9,-15,Water
-9,-13,Water
-9,-11,Water
-9,-9,Water
-9,-7,Water
-9,-5,Water
-9,-3,Water
-9,-1,Water
-9,1,Water
-9,3,Water
-9,5,Water
-9,7,Water
-9,9,Water
-9,11,Water
-9,13,Water
-9,15,Land
-9,17,Land
-9,19,Land
-9,21,Land
-9,23,Land
-9,25,Land
-9,27,Land
-9,29,Land
-9,31,Land
-9,33,Land
-9,35,Land
-9,37,Land
-9,39,Land
-9,41,Water
-9,43,Water
-9,45,Water
-9,47,Water
-9,49,Water
-9,51,Water
-9,53,Water
-9,55,Water
-9,57,Water
-9,59,Water
-9,61,Water
-9,63,Water
-9,65,Water
-9,67,Water
-9,69,Water
-9,71,Water
-9,73,Water
-9,75,Water
-9,77,Water
-9,79,Water
-9,81,Water
-9,83,Water
-9,85,Water
-9,87,Water
-9,89,Water
-9,91,Water
-9,93,Water
-9,95,Water
-9,97,Water
-9,99,Water
-9,101,Water
-9,103,Water
-9,105,Water
-9,107,Water
-9,109,Water
-9,111,Water
-9,113,Water
-9,115,Water
-9,117,Land
-9,119,Water
-9,121,Water
-9,123,Water
-9,125,Land
-9,127,Water
-9,129,Water
-9,131,Water
-9,133,Water
-9,135,Water
-9,137,Water
-9,139,Water
-9,141,Land
-9,143,Land
-9,145,Water
-9,147,Land
-9,149,Water
-9,151,Water
-9,153,Water
-9,155,Water
-9,157,Water
-9,159,Water
-9,161,Land
-9,163,Water
-9,165,Water
-9,167,Water
-9,169,Water
-9,171,Water
-9,173,Water
-9,175,Water
-9,177,Water
-9,179,Water
-7,-179,Water
-7,-177,Water
-7,-175,Water
-7,-173,Water
-7,-171,Water
-7,-169,Water
-7,-167,Water
-7,-165,Water
-7,-163,Water
-7,-161,Water
-7,-159,Water
-7,-157,Water
-7,-155,Water
-7,-153,Water
-7,-151,Water
-7,-149,Water
-7,-147,Water
-7,-145,Water
-7,-143,Water
-7,-141,Water
-7,-139,Water
-7,-137,Water
-7,-135,Water
-7,-133,Water
-7,-131,Water
-7,-129,Water
-7,-127,Water
-7,-125,Water
-7,-123,Water
-7,-121,Water
-7,-119,Water
-7,-117,Water
-7,-115,Water
-7,-113,Water
-7,-111,Water
-7,-109,Water
-7,-107,Water
-7,-105,Water
-7,-103,Water
-7,-101,Water
-7,-99,Water
-7,-97,Water
-7,-95,Water
-7,-93,Water
-7,-91,Water
-7,-89,Water
-7,-87,Water
-7,-85,Water
-7,-83,Water
-7,-81,Water
-7,-79,Land
-7,-77,Land
-7,-75,Land
-7,-73,Land
-7,-71,Land
-7,-69,Land
-7,-67,Land
-7,-65,Land
-7,-63,Land
-7,-61,Land
-7,-59,Land
-7,-57,Land
-7,-55,Land
-7,-53,Land
-7,-51,Land
-7,-49,Land
-7,-47,Land
-7,-45,Land
-7,-43,Land
-7,-41,Land
-7,-39,Land
-7,-37,Land
-7,-35,Land
-7,-33,Water
-7,-31,Water
-7,-29,Water
-7,-27,Water
-7,-25,Water
-7,-23,Water
-7,-21,Water
-7,-19,Water
-7,-17,Water
-7,-15,Water
-7,-13,Water
-7,-11,Water
-7,-9,Water
-7,-7,Water
-7,-5,Water
-7,-3,Water
-7,-1,Water
-7,1,Water
-7,3,Water
-7,5,Water
-7,7,Water
-7,9,Water
-7,11,Water
-7,13,Land
-7,15,Land
-7,17,Land
-7,19,Land
-7,21,Land
-7,23,Land
-7,25,Land
-7,27,Land
-7,29,Land
-7,31,Land
-7,33,Land
-7,35,Land
-7,37,Land
-7,39,Land
-7,41,Water
-7,43,Water
-7,45,Water
-7,47,Water
-7,49,Water
-7,51,Water
-7,53,Water
-7,55,Water
-7,57,Water
-7,59,Water
-7,61,Water
-7,63,Water
-7,65,Water
-7,67,Water
-7,69,Water
-7,71,Water
-7,73,Water
-7,75,Water
-7,77,Water
-7,79,Water
-7,81,Water
-7,83,Water
-7,85,Water
-7,87,Water
-7,89,Water
-7,91,Water
-7,93,Water
-7,95,Water
-7,97,Water
-7,99,Water
-7,101,Water
-7,103,Water
-7,105,Water
-7,107,Land
-7,109,Land
-7,111,Land
-7,113,Land
-7,115,Water
-7,117,Water
-7,119,Water
-7,121,Water
-7,123,Water
-7,125,Water
-7,127,Water
-7,129,Water
-7,131,Water
-7,133,Water
-7,135,Water
-7,137,Water
-7,139,Land
-7,141,Land
-7,143,Land
-7,145,Land
-7,147,Water
-7,149,Water
-7,151,Water
-7,153,Water
-7,155,Water
-7,157,Land
-7,159,Water
-7,161,Water
-7,163,Water
-7,165,Water
-7,167,Water
-7,169,Water
-7,171,Water
-7,173,Water
-7,175,Water
-7,177,Water
-7,179,Water
-5,-179,Water
-5,-177,Water
-5,-175,Water
-5,-173,Water
-5,-171,Water
-5,-169,Water
-5,-167,Water
-5,-165,Water
-5,-163,Water
-5,-161,Water
-5,-159,Water
-5,-157,Water
-5,-155,Water
-5,-153,Water
-5,-151,Water
-5,-149,Water
-5,-147,Water
-5,-145,Water
-5,-143,Water
-5,-141,Water
-5,-139,Water
-5,-137,Water
-5,-135,Water
-5,-133,Water
-5,-131,Water
-5,-129,Water
-5,-127,Water
-5,-125,Water
-5,-123,Water
-5,-121,Water
-5,-119,Water
-5,-117,Water
-5,-115,Water
-5,-113,Water
-5,-111,Water
-5,-109,Water
-5,-107,Water
-5,-105,Water
-5,-103,Water
-5,-101,Water
-5,-99,Water
-5,-97,Water
-5,-95,Water
-5,-93,Water
-5,-91,Water
-5,-89,Water
-5,-87,Water
-5,-85,Water
-5,-83,Water
-5,-81,Land
-5,-79,Land
-5,-77,Land
-5,-75,Land
-5,-73,Land
-5,-71,Land
-5,-69,Land
-5,-67,Land
-5,-65,Land
-5,-63,Land
-5,-61,Land
-5,-59,Land
-5,-57,Land
-5,-55,Land
-5,-53,Land
-5,-51,Land
-5,-49,Land
-5,-47,Land
-5,-45,Land
-5,-43,Land
-5,-41,Land
-5,-39,Land
-5,-37,Land
-5,-35,Water
-5,-33,Water
-5,-31,Water
-5,-29,Water
-5,-27,Water
-5,-25,Water
-5,-23,Water
-5,-21,Water
-5,-19,Water
-5,-17,Water
-5,-15,Water
-5,-13,Water
-5,-11,Water
-5,-9,Water
-5,-7,Water
-5,-5,Water
-5,-3,Water
-5,-1,Water
-5,1,Water
-5,3,Water
-5,5,Water
-5,7,Water
-5,9,Water
-5,11,Water
-5,13,Land
-5,15,Land
-5,17,Land
-5,19,Land
-5,21,Land
-5,23,Land
-5,25,Land
-5,27,Land
-5,29,Land
-5,31,Land
-5,33,Land
-5,35,Land
-5,37,Land
-5,39,Land
-5,41,Water
-5,43,Water
-5,45,Water
-5,47,Water
-5,49,Water
-5,51,Water
-5,53,Water
-5,55,Water
-5,57,Water
-5,59,Water
-5,61,Water
-5,63,Water
-5,65,Water
-5,67,Water
-5,69,Water
-5,71,Water
-5,73,Water
-5,75,Water
-5,77,Water
-5,79,Water
-5,81,Water
-5,83,Water
-5,85,Water
-5,87,Water
-5,89,Water
-5,91,Water
-5,93,Water
-5,95,Water
-5,97,Water
-5,99,Water
-5,101,Water
-5,103,Water
-5,105,Land
-5,107,Water
-5,109,Water
-5,111,Water
-5,113,Water
-5,115,Water
-5,117,Water
-5,119,Water
-5,121,Water
-5,123,Water
-5,125,Water
-5,127,Water
-5,129,Water
-5,131,Water
-5,133,Water
-5,135,Water
-5,137,Water
-5,139,Land
-5,141,Land
-5,143,Land
-5,145,Land
-5,147,Water
-5,149,Water
-5,151,Water
-5,153,Water
-5,155,Water
-5,157,Water
-5,159,Water
-5,161,Water
-5,163,Water
-5,165,Water
-5,167,Water
-5,169,Water
-5,171,Water
-5,173,Water
-5,175,Water
-5,177,Water
-5,179,Water
-3,-179,Water
-3,-177,Water
-3,-175,Water
-3,-173,Water
-3,-171,Water
-3,-169,Water
-3,-167,Water
-3,-165,Water
-3,-163,Water
-3,-161,Water
-3,-159,Water
-3,-157,Water
-3,-155,Water
-3,-153,Water
-3,-151,Water
-3,-149,Water
-3,-147,Water
-3,-145,Water
-3,-143,Water
-3,-141,Water
-3,-139,Water
-3,-137,Water
-3,-135,Water
-3,-133,Water
-3,-131,Water
-3,-129,Water
-3,-127,Water
-3,-125,Water
-3,-123,Water
-3,-121,Water
-3,-119,Water
-3,-117,Water
-3,-115,Water
-3,-113,Water
-3,-111,Water
-3,-109,Water
-3,-107,Water
-3,-105,Water
-3,-103,Water
-3,-101,Water
-3,-99,Water
-3,-97,Water
-3,-95,Water
-3,-93,Water
-3,-91,Water
-3,-89,Water
-3,-87,Water
-3,-85,Water
-3,-83,Water
-3,-81,Water
-3,-79,Land
-3,-77,Land
-3,-75,Land
-3,-73,Land
-3,-71,Land
-3,-69,Land
-3,-67,Land
-3,-65,Land
-3,-63,Land
-3,-61,Land
-3,-59,Land
-3,-57,Land
-3,-55,Land
-3,-53,Land
-3,-51,Land
-3,-49,Land
-3,-47,Land
-3,-45,Land
-3,-43,Land
-3,-41,Land
-3,-39,Water
-3,-37,Water
-3,-35,Water
-3,-33,Water
-3,-31,Water
-3,-29,Water
-3,-27,Water
-3,-25,Water
-3,-23,Water
-3,-21,Water
-3,-19,Water
-3,-17,Water
-3,-15,Water
-3,-13,Water
-3,-11,Water
-3,-9,Water
-3,-7,Water
-3,-5,Water
-3,-3,Water
-3,-1,Water
-3,1,Water
-3,3,Water
-3,5,Water
-3,7,Water
-3,9,Water
-3,11,Land
-3,13,Land
-3,15,Land
-3,17,Land
-3,19,Land
-3,21,Land
-3,23,Land
-3,25,Land
-3,27,Land
-3,29,Land
-3,31,Land
-3,33,Land
-3,35,Land
-3,37,Land
-3,39,Land
-3,41,Water
-3,43,Water
-3,45,Water
-3,47,Water
-3,49,Water
-3,51,Water
-3,53,Water
-3,55,Water
-3,57,Water
-3,59,Water
-3,61,Water
-3,63,Water
-3,65,Water
-3,67,Water
-3,69,Water
-3,71,Water
-3,73,Water
-3,75,Water
-3,77,Water
-3,79,Water
-3,81,Water
-3,83,Water
-3,85,Water
-3,87,Water
-3,89,Water
-3,91,Water
-3,93,Water
-3,95,Water
-3,97,Water
-3,99,Water
-3,101,Water
-3,103,Land
-3,105,Land
-3,107,Water
-3,109,Water
-3,111,Land
-3,113,Land
-3,115,Land
-3,117,Water
-3,119,Land
-3,121,Water
-3,123,Water
-3,125,Water
-3,127,Water
-3,129,Land
-3,131,Water
-3,133,Land
-3,135,Water
-3,137,Land
-3,139,Land
-3,141,Land
-3,143,Water
-3,145,Water
-3,147,Water
-3,149,Water
-3,151,Water
-3,153,Water
-3,155,Water
-3,157,Water
-3,159,Water
-3,161,Water
-3,163,Water
-3,165,Water
-3,167,Water
-3,169,Water
-3,171,Water
-3,173,Water
-3,175,Water
-3,177,Water
-3,179,Water
-1,-179,Water
-1,-177,Water
-1,-175,Water
-1,-173,Water
-1,-171,Water
-1,-169,Water
-1,-167,Water
-1,-165,Water
-1,-163,Water
-1,-161,Water
-1,-159,Water
-1,-157,Water
-1,-155,Water
-1,-153,Water
-1,-151,Water
-1,-149,Water
-1,-147,Water
-1,-145,Water
-1,-143,Water
-1,-141,Water
-1,-139,Water
-1,-137,Water
-1,-135,Water
-1,-133,Water
-1,-131,Water
-1,-129,Water
-1,-127,Water
-1,-125,Water
-1,-123,Water
-1,-121,Water
-1,-119,Water
-1,-117,Water
-1,-115,Water
-1,-113,Water
-1,-111,Water
-1,-109,Water
-1,-107,Water
-1,-105,Water
-1,-103,Water
-1,-101,Water
-1,-99,Water
-1,-97,Water
-1,-95,Water
-1,-93,Water
-1,-91,Water
-1,-89,Water
-1,-87,Water
-1,-85,Water
-1,-83,Water
-1,-81,Water
-1,-79,Land
-1,-77,Land
-1,-75,Land
-1,-73,Land
-1,-71,Land
-1,-69,Land
-1,-67,Land
-1,-65,Land
-1,-63,Land
-1,-61,Land
-1,-59,Land
-1,-57,Land
-1,-55,Land
-1,-53,Land
-1,-51,Water
-1,-49,Land
-1,-47,Land
-1,-45,Water
-1,-43,Water
-1,-41,Water
-1,-39,Water
-1,-37,Water
-1,-35,Water
-1,-33,Water
-1,-31,Water
-1,-29,Water
-1,-27,Water
-1,-25,Water
-1,-23,Water
-1,-21,Water
-1,-19,Water
-1,-17,Water
-1,-15,Water
-1,-13,Water
-1,-11,Water
-1,-9,Water
-1,-7,Water
-1,-5,Water
-1,-3,Water
-1,-1,Water
-1,1,Water
-1,3,Water
-1,5,Water
-1,7,Water
-1,9,Land
-1,11,Land
-1,13,Land
-1,15,Land
-1,17,Land
-1,19,Land
-1,21,Land
-1,23,Land
-1,25,Land
-1,27,Land
-1,29,Land
-1,31,Land
-1,33,Water
-1,35,Land
-1,37,Land
-1,39,Land
-1,41,Land
-1,43,Water
-1,45,Water
-1,47,Water
-1,49,Water
-1,51,Water
-1,53,Water
-1,55,Water
-1,57,Water
-1,59,Water
-1,61,Water
-1,63,Water
-1,65,Water
-1,67,Water
-1,69,Water
-1,71,Water
-1,73,Water
-1,75,Water
-1,77,Water
-1,79,Water
-1,81,Water
-1,83,Water
-1,85,Water
-1,87,Water
-1,89,Water
-1,91,Water
-1,93,Water
-1,95,Water
-1,97,Water
-1,99,Water
-1,101,Land
-1,103,Land
-1,105,Water
-1,107,Water
-1,109,Water
-1,111,Land
-1,113,Land
-1,115,Land
-1,117,Land
-1,119,Water
-1,121,Water
-1,123,Water
-1,125,Water
-1,127,Water
-1,129,Water
-1,131,Land
-1,133,Land
-1,135,Water
-1,137,Water
-1,139,Water
-1,141,Water
-1,143,Water
-1,145,Water
-1,147,Water
-1,149,Water
-1,151,Water
-1,153,Water
-1,155,Water
-1,157,Water
-1,159,Water
-1,161,Water
-1,163,Water
-1,165,Water
-1,167,Water
-1,169,Water
-1,171,Water
-1,173,Water
-1,175,Water
-1,177,Water
-1,179,Water
1,-179,Water
1,-177,Water
1,-175,Water
1,-173,Water
1,-171,Water
1,-169,Water
1,-167,Water
1,-165,Water
1,-163,Water
1,-161,Water
1,-159,Water
1,-157,Water
1,-155,Water
1,-153,Water
1,-151,Water
1,-149,Water
1,-147,Water
1,-145,Water
1,-143,Water
1,-141,Water
1,-139,Water
1,-137,Water
1,-135,Water
1,-133,Water
1,-131,Water
1,-129,Water
1,-127,Water
1,-125,Water
1,-123,Water
1,-121,Water
1,-119,Water
1,-117,Water
1,-115,Water
1,-113,Water
1,-111,Water
1,-109,Water
1,-107,Water
1,-105,Water
1,-103,Water
1,-101,Water
1,-99,Water
1,-97,Water
1,-95,Water
1,-93,Water
1,-91,Water
1,-89,Water
1,-87,Water
1,-85,Water
1,-83,Water
1,-81,Water
1,-79,Land
1,-77,Land
1,-75,Land
1,-73,Land
1,-71,Land
1,-69,Land
1,-67,Land
1,-65,Land
1,-63,Land
1,-61,Land
1,-59,Land
1,-57,Land
1,-55,Land
1,-53,Land
1,-51,Land
1,-49,Water
1,-47,Water
1,-45,Water
1,-43,Water
1,-41,Water
1,-39,Water
1,-37,Water
1,-35,Water
1,-33,Water
1,-31,Water
1,-29,Water
1,-27,Water
1,-25,Water
1,-23,Water
1,-21,Water
1,-19,Water
1,-17,Water
1,-15,Water
1,-13,Water
1,-11,Water
1,-9,Water
1,-7,Water
1,-5,Water
1,-3,Water
1,-1,Water
1,1,Water
1,3,Water
1,5,Water
1,7,Water
1,9,Water
1,11,Land
1,13,Land
1,15,Land
1,17,Land
1,19,Land
1,21,Land
1,23,Land
1,25,Land
1,27,Land
1,29,Land
1,31,Land
1,33,Land
1,35,Land
1,37,Land
1,39,Land
1,41,Land
1,43,Land
1,45,Water
1,47,Water
1,49,Water
1,51,Water
1,53,Water
1,55,Water
1,57,Water
1,59,Water
1,61,Water
1,63,Water
1,65,Water
1,67,Water
1,69,Water
1,71,Water
1,73,Water
1,75,Water
1,77,Water
1,79,Water
1,81,Water
1,83,Water
1,85,Water
1,87,Water
1,89,Water
1,91,Water
1,93,Water
1,95,Water
1,97,Water
1,99,Land
1,101,Land
1,103,Land
1,105,Water
1,107,Water
1,109,Land
1,111,Land
1,113,Land
1,115,Land
1,117,Land
1,119,Water
1,121,Land
1,123,Water
1,125,Water
1,127,Water
1,129,Water
1,131,Water
1,133,Water
1,135,Water
1,137,Water
1,139,Water
1,141,Water
1,143,Water
1,145,Water
1,147,Water
1,149,Water
1,151,Water
1,153,Water
1,155,Water
1,157,Water
1,159,Water
1,161,Water
1,163,Water
1,165,Water
1,167,Water
1,169,Water
1,171,Water
1,173,Water
1,175,Water
1,177,Water
1,179,Water
3,-179,Water
3,-177,Water
3,-175,Water
3,-173,Water
3,-171,Water
3,-169,Water
3,-167,Water
3,-165,Water
3,-163,Water
3,-161,Water
3,-159,Water
3,-157,Water
3,-155,Water
3,-153,Water
3,-151,Water
3,-149,Water
3,-147,Water
3,-145,Water
3,-143,Water
3,-141,Water
3,-139,Water
3,-137,Water
3,-135,Water
3,-133,Water
3,-131,Water
3,-129,Water
3,-127,Water
3,-125,Water
3,-123,Water
3,-121,Water
3,-119,Water
3,-117,Water
3,-115,Water
3,-113,Water
3,-111,Water
3,-109,Water
3,-107,Water
3,-105,Water
3,-103,Water
3,-101,Water
3,-99,Water
3,-97,Water
3,-95,Water
3,-93,Water
3,-91,Water
3,-89,Water
3,-87,Water
3,-85,Water
3,-83,Water
3,-81,Water
3,-79,Water
3,-77,Land
3,-75,Land
3,-73,Land
3,-71,Land
3,-69,Land
3,-67,Land
3,-65,Land
3,-63,Land
3,-61,Land
3,-59,Land
3,-57,Land
3,-55,Land
3,-53,Land
3,-51,Land
3,-49,Water
3,-47,Water
3,-45,Water
3,-43,Water
3,-41,Water
3,-39,Water
3,-37,Water
3,-35,Water
3,-33,Water
3,-31,Water
3,-29,Water
3,-27,Water
3,-25,Water
3,-23,Water
3,-21,Water
3,-19,Water
3,-17,Water
3,-15,Water
3,-13,Water
3,-11,Water
3,-9,Water
3,-7,Water
3,-5,Water
3,-3,Water
3,-1,Water
3,1,Water
3,3,Water
3,5,Water
3,7,Water
3,9,Water
3,11,Land
3,13,Land
3,15,Land
3,17,Land
3,19,Land
3,21,Land
3,23,Land
3,25,Land
3,27,Land
3,29,Land
3,31,Land
3,33,Land
3,35,Land
3,37,Land
3,39,Land
3,41,Land
3,43,Land
3,45,Land
3,47,Water
3,49,Water
3,51,Water
3,53,Water
3,55,Water
3,57,Water
3,59,Water
3,61,Water
3,63,Water
3,65,Water
3,67,Water
3,69,Water
3,71,Water
3,73,Water
3,75,Water
3,77,Water
3,79,Water
3,81,Water
3,83,Water
3,85,Water
3,87,Water
3,89,Water
3,91,Water
3,93,Water
3,95,Water
3,97,Water
3,99,Land
3,101,Water
3,103,Land
3,105,Water
3,107,Water
3,109,Water
3,111,Water
3,113,Land
3,115,Land
3,117,Land
3,119,Water
3,121,Water
3,123,Water
3,125,Water
3,127,Water
3,129,Water
3,131,Water
3,133,Water
3,135,Water
3,137,Water
3,139,Water
3,141,Water
3,143,Water
3,145,Water
3,147,Water
3,149,Water
3,151,Water
3,153,Water
3,155,Water
3,157,Water
3,159,Water
3,161,Water
3,163,Water
3,165,Water
3,167,Water
3,169,Water
3,171,Water
3,173,Water
3,175,Water
3,177,Water
3,179,Water
5,-179,Water
5,-177,Water
5,-175,Water
5,-173,Water
5,-171,Water
5,-169,Water
5,-167,Water
5,-165,Water
5,-163,Water
5,-161,Water
5,-159,Water
5,-157,Water
5,-155,Water
5,-153,Water
5,-151,Water
5,-149,Water
5,-147,Water
5,-145,Water
5,-143,Water
5,-141,Water
5,-139,Water
5,-137,Water
5,-135,Water
5,-133,Water
5,-131,Water
5,-129,Water
5,-127,Water
5,-125,Water
5,-123,Water
5,-121,Water
5,-119,Water
5,-117,Water
5,-115,Water
5,-113,Water
5,-111,Water
5,-109,Water
5,-107,Water
5,-105,Water
5,-103,Water
5,-101,Water
5,-99,Water
5,-97,Water
5,-95,Water
5,-93,Water
5,-91,Water
5,-89,Water
5,-87,Water
5,-85,Water
5,-83,Water
5,-81,Water
5,-79,Water
5,-77,Land
5,-75,Land
5,-73,Land
5,-71,Land
5,-69,Land
5,-67,Land
5,-65,Land
5,-63,Land
5,-61,Land
5,-59,Land
5,-57,Land
5,-55,Land
5,-53,Land
5,-51,Water
5,-49,Water
5,-47,Water
5,-45,Water
5,-43,Water
5,-41,Water
5,-39,Water
5,-37,Water
5,-35,Water
5,-33,Water
5,-31,Water
5,-29,Water
5,-27,Water
5,-25,Water
5,-23,Water
5,-21,Water
5,-19,Water
5,-17,Water
5,-15,Water
5,-13,Water
5,-11,Water
5,-9,Land
5,-7,Land
5,-5,Water
5,-3,Water
5,-1,Water
5,1,Water
5,3,Water
5,5,Water
5,7,Land
5,9,Land
5,11,Land
5,13,Land
5,15,Land
5,17,Land
5,19,Land
5,21,Land
5,23,Land
5,25,Land
5,27,Land
5,29,Land
5,31,Land
5,33,Land
5,35,Land
5,37,Land
5,39,Land
5,41,Land
5,43,Land
5,45,Land
5,47,Land
5,49,Water
5,51,Water
5,53,Water
5,55,Water
5,57,Water
5,59,Water
5,61,Water
5,63,Water
5,65,Water
5,67,Water
5,69,Water
5,71,Water
5,73,Water
5,75,Water
5,77,Water
5,79,Water
5,81,Water
5,83,Water
5,85,Water
5,87,Water
5,89,Water
5,91,Water
5,93,Water
5,95,Water
5,97,Land
5,99,Water
5,101,Land
5,103,Land
5,105,Water
5,107,Water
5,109,Water
5,111,Water
5,113,Water
5,115,Land
5,117,Land
5,119,Water
5,121,Water
5,123,Water
5,125,Water
5,127,Water
5,129,Water
5,131,Water
5,133,Water
5,135,Water
5,137,Water
5,139,Water
5,141,Water
5,143,Water
5,145,Water
5,147,Water
5,149,Water
5,151,Water
5,153,Water
5,155,Water
5,157,Water
5,159,Water
5,161,Water
5,163,Water
5,165,Water
5,167,Water
5,169,Water
5,171,Water
5,173,Water
5,175,Water
5,177,Water
5,179,Water
7,-179,Water
7,-177,Water
7,-175,Water
7,-173,Water
7,-171,Water
7,-169,Water
7,-167,Water
7,-165,Water
7,-163,Water
7,-161,Water
7,-159,Water
7,-157,Water
7,-155,Water
7,-153,Water
7,-151,Water
7,-149,Water
7,-147,Water
7,-145,Water
7,-143,Water
7,-141,Water
7,-139,Water
7,-137,Water
7,-135,Water
7,-133,Water
7,-131,Water
7,-129,Water
7,-127,Water
7,-125,Water
7,-123,Water
7,-121,Water
7,-119,Water
7,-117,Water
7,-115,Water
7,-113,Water
7,-111,Water
7,-109,Water
7,-107,Water
7,-105,Water
7,-103,Water
7,-101,Water
7,-99,Water
7,-97,Water
7,-95,Water
7,-93,Water
7,-91,Water
7,-89,Water
7,-87,Water
7,-85,Water
7,-83,Water
7,-81,Water
7,-79,Water
7,-77,Land
7,-75,Land
7,-73,Land
7,-71,Land
7,-69,Land
7,-67,Land
7,-65,Land
7,-63,Land
7,-61,Land
7,-59,Land
7,-57,Water
7,-55,Water
7,-53,Water
7,-51,Water
7,-49,Water
7,-47,Water
7,-45,Water
7,-43,Water
7,-41,Water
7,-39,Water
7,-37,Water
7,-35,Water
7,-33,Water
7,-31,Water
7,-29,Water
7,-27,Water
7,-25,Water
7,-23,Water
7,-21,Water
7,-19,Water
7,-17,Water
7,-15,Water
7,-13,Water
7,-11,Land
7,-9,Land
7,-7,Land
7,-5,Land
7,-3,Land
7,-1,Land
7,1,Land
7,3,Land
7,5,Land
7,7,Land
7,9,Land
7,11,Land
7,13,Land
7,15,Land
7,17,Land
7,19,Land
7,21,Land
7,23,Land
7,25,Land
7,27,Land
7,29,Land
7,31,Land
7,33,Land
7,35,Land
7,37,Land
7,39,Land
7,41,Land
7,43,Land
7,45,Land
7,47,Land
7,49,Land
7,51,Water
7,53,Water
7,55,Water
7,57,Water
7,59,Water
7,61,Water
7,63,Water
7,65,Water
7,67,Water
7,69,Water
7,71,Water
7,73,Water
7,75,Water
7,77,Water
7,79,Water
7,81,Land
7,83,Water
7,85,Water
7,87,Water
7,89,Water
7,91,Water
7,93,Water
7,95,Water
7,97,Water
7,99,Water
7,101,Water
7,103,Water
7,105,Water
7,107,Water
7,109,Water
7,111,Water
7,113,Water
7,115,Water
7,117,Water
7,119,Water
7,121,Water
7,123,Water
7,125,Land
7,127,Water
7,129,Water
7,131,Water
7,133,Water
7,135,Water
7,137,Water
7,139,Water
7,141,Water
7,143,Water
7,145,Water
7,147,Water
7,149,Water
7,151,Water
7,153,Water
7,155,Water
7,157,Water
7,159,Water
7,161,Water
7,163,Water
7,165,Water
7,167,Water
7,169,Water
7,171,Water
7,173,Water
7,175,Water
7,177,Water
7,179,Water
9,-179,Water
9,-177,Water
9,-175,Water
9,-173,Water
9,-171,Water
9,-169,Water
9,-167,Water
9,-165,Water
9,-163,Water
9,-161,Water
9,-159,Water
9,-157,Water
9,-155,Water
9,-153,Water
9,-151,Water
9,-149,Water
9,-147,Water
9,-145,Water
9,-143,Water
9,-141,Water
9,-139,Water
9,-137,Water
9,-135,Water
9,-133,Water
9,-131,Water
9,-129,Water
9,-127,Water
9,-125,Water
9,-123,Water
9,-121,Water
9,-119,Water
9,-117,Water
9,-115,Water
9,-113,Water
9,-111,Water
9,-109,Water
9,-107,Water
9,-105,Water
9,-103,Water
9,-101,Water
9,-99,Water
9,-97,Water
9,-95,Water
9,-93,Water
9,-91,Water
9,-89,Water
9,-87,Water
9,-85,Water
9,-83,Land
9,-81,Water
9,-79,Land
9,-77,Water
9,-75,Land
9,-73,Land
9,-71,Land
9,-69,Land
9,-67,Land
9,-65,Land
9,-63,Land
9,-61,Land
9,-59,Water
9,-57,Water
9,-55,Water
9,-53,Water
9,-51,Water
9,-49,Water
9,-47,Water
9,-45,Water
9,-43,Water
9,-41,Water
9,-39,Water
9,-37,Water
9,-35,Water
9,-33,Water
9,-31,Water
9,-29,Water
9,-27,Water
9,-25,Water
9,-23,Water
9,-21,Water
9,-19,Water
9,-17,Water
9,-15,Water
9,-13,Land
9,-11,Land
9,-9,Land
9,-7,Land
9,-5,Land
9,-3,Land
9,-1,Land
9,1,Land
9,3,Land
9,5,Land
9,7,Land
9,9,Land
9,11,Land
9,13,Land
9,15,Land
9,17,Land
9,19,Land
9,21,Land
9,23,Land
9,25,Land
9,27,Land
9,29,Land
9,31,Land
9,33,Land
9,35,Land
9,37,Land
9,39,Land
9,41,Land
9,43,Land
9,45,Land
9,47,Land
9,49,Land
9,51,Water
9,53,Water
9,55,Water
9,57,Water
9,59,Water
9,61,Water
9,63,Water
9,65,Water
9,67,Water
9,69,Water
9,71,Water
9,73,Water
9,75,Water
9,77,Land
9,79,Water
9,81,Water
9,83,Water
9,85,Water
9,87,Water
9,89,Water
9,91,Water
9,93,Water
9,95,Water
9,97,Water
9,99,Land
9,101,Water
9,103,Water
9,105,Land
9,107,Water
9,109,Water
9,111,Water
9,113,Water
9,115,Water
9,117,Water
9,119,Water
9,121,Water
9,123,Water
9,125,Water
9,127,Water
9,129,Water
9,131,Water
9,133,Water
9,135,Water
9,137,Water
9,139,Water
9,141,Water
9,143,Water
9,145,Water
9,147,Water
9,149,Water
9,151,Water
9,153,Water
9,155,Water
9,157,Water
9,159,Water
9,161,Water
9,163,Water
9,165,Water
9,167,Water
9,169,Water
9,171,Water
9,173,Water
9,175,Water
9,177,Water
9,179,Water
11,-179,Water
11,-177,Water
11,-175,Water
11,-173,Water
11,-171,Water
11,-169,Water
11,-167,Water
11,-165,Water
11,-163,Water
11,-161,Water
11,-159,Water
11,-157,Water
11,-155,Water
11,-153,Water
11,-151,Water
11,-149,Water
11,-147,Water
11,-145,Water
11,-143,Water
11,-141,Water
11,-139,Water
11,-137,Water
11,-135,Water
11,-133,Water
11,-131,Water
11,-129,Water
11,-127,Water
11,-125,Water
11,-123,Water
11,-121,Water
11,-119,Water
11,-117,Water
11,-115,Water
11,-113,Water
11,-111,Water
11,-109,Water
11,-107,Water
11,-105,Water
11,-103,Water
11,-101,Water
11,-99,Water
11,-97,Water
11,-95,Water
11,-93,Water
11,-91,Water
11,-89,Water
11,-87,Water
11,-85,Land
11,-83,Water
11,-81,Water
11,-79,Water
11,-77,Water
11,-75,Water
11,-73,Land
11,-71,Land
11,-69,Land
11,-67,Water
11,-65,Water
11,-63,Water
11,-61,Water
11,-59,Water
11,-57,Water
11,-55,Water
11,-53,Water
11,-51,Water
11,-49,Water
11,-47,Water
11,-45,Water
11,-43,Water
11,-41,Water
11,-39,Water
11,-37,Water
11,-35,Water
11,-33,Water
11,-31,Water
11,-29,Water
11,-27,Water
11,-25,Water
11,-23,Water
11,-21,Water
11,-19,Water
11,-17,Water
11,-15,Land
11,-13,Land
11,-11,Land
11,-9,Land
11,-7,Land
11,-5,Land
11,-3,Land
11,-1,Land
11,1,Land
11,3,Land
11,5,Land
11,7,Land
11,9,Land
11,11,Land
11,13,Land
11,15,Land
11,17,Land
11,19,Land
11,21,Land
11,23,Land
11,25,Land
11,27,Land
11,29,Land
11,31,Land
11,33,Land
11,35,Land
11,37,Land
11,39,Land
11,41,Land
11,43,Land
11,45,Water
11,47,Water
11,49,Land
11,51,Land
11,53,Water
11,55,Water
11,57,Water
11,59,Water
11,61,Water
11,63,Water
11,65,Water
11,67,Water
11,69,Water
11,71,Water
11,73,Water
11,75,Water
11,77,Land
11,79,Land
11,81,Water
11,83,Water
11,85,Water
11,87,Water
11,89,Water
11,91,Water
11,93,Water
11,95,Water
11,97,Water
11,99,Land
11,101,Water
11,103,Water
11,105,Land
11,107,Land
11,109,Water
11,111,Water
11,113,Water
11,115,Water
11,117,Water
11,119,Water
11,121,Water
11,123,Water
11,125,Land
11,127,Water
11,129,Water
11,131,Water
11,133,Water
11,135,Water
11,137,Water
11,139,Water
11,141,Water
11,143,Water
11,145,Water
11,147,Water
11,149,Water
11,151,Water
11,153,Water
11,155,Water
11,157,Water
11,159,Water
11,161,Water
11,163,Water
11,165,Water
11,167,Water
11,169,Water
11,171,Water
11,173,Water
11,175,Water
11,177,Water
11,179,Water
13,-179,Water
13,-177,Water
13,-175,Water
13,-173,Water
13,-171,Water
13,-169,Water
13,-167,Water
13,-165,Water
13,-163,Water
13,-161,Water
13,-159,Water
13,-157,Water
13,-155,Water
13,-153,Water
13,-151,Water
13,-149,Water
13,-147,Water
13,-145,Water
13,-143,Water
13,-141,Water
13,-139,Water
13,-137,Water
13,-135,Water
13,-133,Water
13,-131,Water
13,-129,Water
13,-127,Water
13,-125,Water
13,-123,Water
13,-121,Water
13,-119,Water
13,-117,Water
13,-115,Water
13,-113,Water
13,-111,Water
13,-109,Water
13,-107,Water
13,-105,Water
13,-103,Water
13,-101,Water
13,-99,Water
13,-97,Water
13,-95,Water
13,-93,Water
13,-91,Water
13,-89,Water
13,-87,Land
13,-85,Land
13,-83,Water
13,-81,Water
13,-79,Water
13,-77,Water
13,-75,Water
13,-73,Water
13,-71,Water
13,-69,Water
13,-67,Water
13,-65,Water
13,-63,Water
13,-61,Water
13,-59,Water
13,-57,Water
13,-55,Water
13,-53,Water
13,-51,Water
13,-49,Water
13,-47,Water
13,-45,Water
13,-43,Water
13,-41,Water
13,-39,Water
13,-37,Water
13,-35,Water
13,-33,Water
13,-31,Water
13,-29,Water
13,-27,Water
13,-25,Water
13,-23,Water
13,-21,Water
13,-19,Water
13,-17,Water
13,-15,Land
13,-13,Land
13,-11,Land
13,-9,Land
13,-7,Land
13,-5,Land
13,-3,Land
13,-1,Land
13,1,Land
13,3,Land
13,5,Land
13,7,Land
13,9,Land
13,11,Land
13,13,Land
13,15,Water
13,17,Land
13,19,Land
13,21,Land
13,23,Land
13,25,Land
13,27,Land
13,29,Land
13,31,Land
13,33,Land
13,35,Land
13,37,Land
13,39,Land
13,41,Land
13,43,Water
13,45,Land
13,47,Water
13,49,Water
13,51,Water
13,53,Water
13,55,Water
13,57,Water
13,59,Water
13,61,Water
13,63,Water
13,65,Water
13,67,Water
13,69,Water
13,71,Water
13,73,Water
13,75,Land
13,77,Land
13,79,Land
13,81,Water
13,83,Water
13,85,Water
13,87,Water
13,89,Water
13,91,Water
13,93,Water
13,95,Water
13,97,Water
13,99,Land
13,101,Land
13,103,Land
13,105,Land
13,107,Land
13,109,Land
13,111,Water
13,113,Water
13,115,Water
13,117,Water
13,119,Water
13,121,Land
13,123,Water
13,125,Water
13,127,Water
13,129,Water
13,131,Water
13,133,Water
13,135,Water
13,137,Water
13,139,Water
13,141,Water
13,143,Water
13,145,Water
13,147,Water
13,149,Water
13,151,Water
13,153,Water
13,155,Water
13,157,Water
13,159,Water
13,161,Water
13,163,Water
13,165,Water
13,167,Water
13,169,Water
13,171,Water
13,173,Water
13,175,Water
13,177,Water
13,179,Water
15,-179,Water
15,-177,Water
15,-175,Water
15,-173,Water
15,-171,Water
15,-169,Water
15,-167,Water
15,-165,Water
15,-163,Water
15,-161,Water
15,-159,Water
15,-157,Water
15,-155,Water
15,-153,Water
15,-151,Water
15,-149,Water
15,-147,Water
15,-145,Water
15,-143,Water
15,-141,Water
15,-139,Water
15,-137,Water
15,-135,Water
15,-133,Water
15,-131,Water
15,-129,Water
15,-127,Water
15,-125,Water
15,-123,Water
15,-121,Water
15,-119,Water
15,-117,Water
15,-115,Water
15,-113,Water
15,-111,Water
15,-109,Water
15,-107,Water
15,-105,Water
15,-103,Water
15,-101,Water
15,-99,Water
15,-97,Water
15,-95,Water
15,-93,Water
15,-91,Land
15,-89,Land
15,-87,Land
15,-85,Land
15,-83,Water
15,-81,Water
15,-79,Water
15,-77,Water
15,-75,Water
15,-73,Water
15,-71,Water
15,-69,Water
15,-67,Water
15,-65,Water
15,-63,Water
15,-61,Water
15,-59,Water
15,-57,Water
15,-55,Water
15,-53,Water
15,-51,Water
15,-49,Water
15,-47,Water
15,-45,Water
15,-43,Water
15,-41,Water
15,-39,Water
15,-37,Water
15,-35,Water
15,-33,Water
15,-31,Water
15,-29,Water
15,-27,Water
15,-25,Water
15,-23,Water
15,-21,Water
15,-19,Water
15,-17,Land
15,-15,Land
15,-13,Land
15,-11,Land
15,-9,Land
15,-7,Land
15,-5,Land
15,-3,Land
15,-1,Land
15,1,Land
15,3,Land
15,5,Land
15,7,Land
15,9,Land
15,11,Land
15,13,Land
15,15,Land
15,17,Land
15,19,Land
15,21,Land
15,23,Land
15,25,Land
15,27,Land
15,29,Land
15,31,Land
15,33,Land
15,35,Land
15,37,Land
15,39,Land
15,41,Water
15,43,Land
15,45,Land
15,47,Land
15,49,Land
15,51,Water
15,53,Water
15,55,Water
15,57,Water
15,59,Water
15,61,Water
15,63,Water
15,65,Water
15,67,Water
15,69,Water
15,71,Water
15,73,Water
15,75,Land
15,77,Land
15,79,Land
15,81,Water
15,83,Water
15,85,Water
15,87,Water
15,89,Water
15,91,Water
15,93,Water
15,95,Water
15,97,Water
15,99,Land
15,101,Land
15,103,Land
15,105,Land
15,107,Land
15,109,Water
15,111,Water
15,113,Water
15,115,Water
15,117,Water
15,119,Water
15,121,Land
15,123,Water
15,125,Water
15,127,Water
15,129,Water
15,131,Water
15,133,Water
15,135,Water
15,137,Water
15,139,Water
15,141,Water
15,143,Water
15,145,Water
15,147,Water
15,149,Water
15,151,Water
15,153,Water
15,155,Water
15,157,Water
15,159,Water
15,161,Water
15,163,Water
15,165,Water
15,167,Water
15,169,Water
15,171,Water
15,173,Water
15,175,Water
15,177,Water
15,179,Water
17,-179,Water
17,-177,Water
17,-175,Water
17,-173,Water
17,-171,Water
17,-169,Water
17,-167,Water
17,-165,Water
17,-163,Water
17,-161,Water
17,-159,Water
17,-157,Water
17,-155,Water
17,-153,Water
17,-151,Water
17,-149,Water
17,-147,Water
17,-145,Water
17,-143,Water
17,-141,Water
17,-139,Water
17,-137,Water
17,-135,Water
17,-133,Water
17,-131,Water
17,-129,Water
17,-127,Water
17,-125,Water
17,-123,Water
17,-121,Water
17,-119,Water
17,-117,Water
17,-115,Water
17,-113,Water
17,-111,Water
17,-109,Water
17,-107,Water
17,-105,Water
17,-103,Water
17,-101,Water
17,-99,Land
17,-97,Land
17,-95,Land
17,-93,Land
17,-91,Land
17,-89,Land
17,-87,Water
17,-85,Water
17,-83,Water
17,-81,Water
17,-79,Water
17,-77,Water
17,-75,Water
17,-73,Water
17,-71,Water
17,-69,Water
17,-67,Water
17,-65,Water
17,-63,Water
17,-61,Water
17,-59,Water
17,-57,Water
17,-55,Water
17,-53,Water
17,-51,Water
17,-49,Water
17,-47,Water
17,-45,Water
17,-43,Water
17,-41,Water
17,-39,Water
17,-37,Water
17,-35,Water
17,-33,Water
17,-31,Water
17,-29,Water
17,-27,Water
17,-25,Water
17,-23,Water
17,-21,Water
17,-19,Water
17,-17,Water
17,-15,Land
17,-13,Land
17,-11,Land
17,-9,Land
17,-7,Land
17,-5,Land
17,-3,Land
17,-1,Land
17,1,Land
17,3,Land
17,5,Land
17,7,Land
17,9,Land
17,11,Land
17,13,Land
17,15,Land
17,17,Land
17,19,Land
17,21,Land
17,23,Land
17,25,Land
17,27,Land
17,29,Land
17,31,Land
17,33,Land
17,35,Land
17,37,Land
17,39,Land
17,41,Water
17,43,Land
17,45,Land
17,47,Land
17,49,Land
17,51,Land
17,53,Land
17,55,Water
17,57,Water
17,59,Water
17,61,Water
17,63,Water
17,65,Water
17,67,Water
17,69,Water
17,71,Water
17,73,Water
17,75,Land
17,77,Land
17,79,Land
17,81,Land
17,83,Water
17,85,Water
17,87,Water
17,89,Water
17,91,Water
17,93,Water
17,95,Land
17,97,Water
17,99,Land
17,101,Land
17,103,Land
17,105,Land
17,107,Land
17,109,Water
17,111,Water
17,113,Water
17,115,Water
17,117,Water
17,119,Water
17,121,Land
17,123,Water
17,125,Water
17,127,Water
17,129,Water
17,131,Water
17,133,Water
17,135,Water
17,137,Water
17,139,Water
17,141,Water
17,143,Water
17,145,Water
17,147,Water
17,149,Water
17,151,Water
17,153,Water
17,155,Water
17,157,Water
17,159,Water
17,161,Water
17,163,Water
17,165,Water
17,167,Water
17,169,Water
17,171,Water
17,173,Water
17,175,Water
17,177,Water
17,179,Water
19,-179,Water
19,-177,Water
19,-175,Water
19,-173,Water
19,-171,Water
19,-169,Water
19,-167,Water
19,-165,Water
19,-163,Water
19,-161,Water
19,-159,Water
19,-157,Water
19,-155,Water
19,-153,Water
19,-151,Water
19,-149,Water
19,-147,Water
19,-145,Water
19,-143,Water
19,-141,Water
19,-139,Water
19,-137,Water
19,-135,Water
19,-133,Water
19,-131,Water
19,-129,Water
19,-127,Water
19,-125,Water
19,-123,Water
19,-121,Water
19,-119,Water
19,-117,Water
19,-115,Water
19,-113,Water
19,-111,Water
19,-109,Water
19,-107,Water
19,-105,Water
19,-103,Land
19,-101,Land
19,-99,Land
19,-97,Land
19,-95,Water
19,-93,Water
19,-91,Land
19,-89,Land
19,-87,Water
19,-85,Water
19,-83,Water
19,-81,Water
19,-79,Water
19,-77,Water
19,-75,Water
19,-73,Water
19,-71,Land
19,-69,Land
19,-67,Water
19,-65,Water
19,-63,Water
19,-61,Water
19,-59,Water
19,-57,Water
19,-55,Water
19,-53,Water
19,-51,Water
19,-49,Water
19,-47,Water
19,-45,Water
19,-43,Water
19,-41,Water
19,-39,Water
19,-37,Water
19,-35,Water
19,-33,Water
19,-31,Water
19,-29,Water
19,-27,Water
19,-25,Water
19,-23,Water
19,-21,Water
19,-19,Water
19,-17,Water
19,-15,Land
19,-13,Land
19,-11,Land
19,-9,Land
19,-7,Land
19,-5,Land
19,-3,Land
19,-1,Land
19,1,Land
19,3,Land
19,5,Land
19,7,Land
19,9,Land
19,11,Land
19,13,Land
19,15,Land
19,17,Land
19,19,Land
19,21,Land
19,23,Land
19,25,Land
19,27,Land
19,29,Land
19,31,Land
19,33,Land
19,35,Land
19,37,Land
19,39,Water
19,41,Water
19,43,Land
19,45,Land
19,47,Land
19,49,Land
19,51,Land
19,53,Land
19,55,Land
19,57,Land
19,59,Water
19,61,Water
19,63,Water
19,65,Water
19,67,Water
19,69,Water
19,71,Water
19,73,Water
19,75,Land
19,77,Land
19,79,Land
19,81,Land
19,83,Land
19,85,Water
19,87,Water
19,89,Water
19,91,Water
19,93,Water
19,95,Land
19,97,Land
19,99,Land
19,101,Land
19,103,Land
19,105,Land
19,107,Water
19,109,Land
19,111,Water
19,113,Water
19,115,Water
19,117,Water
19,119,Water
19,121,Water
19,123,Water
19,125,Water
19,127,Water
19,129,Water
19,131,Water
19,133,Water
19,135,Water
19,137,Water
19,139,Water
19,141,Water
19,143,Water
19,145,Water
19,147,Water
19,149,Water
19,151,Water
19,153,Water
19,155,Water
19,157,Water
19,159,Water
19,161,Water
19,163,Water
19,165,Water
19,167,Water
19,169,Water
19,171,Water
19,173,Water
19,175,Water
19,177,Water
19,179,Water
21,-179,Water
21,-177,Water
21,-175,Water
21,-173,Water
21,-171,Water
21,-169,Water
21,-167,Water
21,-165,Water
21,-163,Water
21,-161,Water
21,-159,Water
21,-157,Water
21,-155,Water
21,-153,Water
21,-151,Water
21,-149,Water
21,-147,Water
21,-145,Water
21,-143,Water
21,-141,Water
21,-139,Water
21,-137,Water
21,-135,Water
21,-133,Water
21,-131,Water
21,-129,Water
21,-127,Water
21,-125,Water
21,-123,Water
21,-121,Water
21,-119,Water
21,-117,Water
21,-115,Water
21,-113,Water
21,-111,Water
21,-109,Water
21,-107,Water
21,-105,Land
21,-103,Land
21,-101,Land
21,-99,Land
21,-97,Water
21,-95,Water
21,-93,Water
21,-91,Water
21,-89,Land
21,-87,Land
21,-85,Water
21,-83,Water
21,-81,Water
21,-79,Water
21,-77,Land
21,-75,Water
21,-73,Water
21,-71,Water
21,-69,Water
21,-67,Water
21,-65,Water
21,-63,Water
21,-61,Water
21,-59,Water
21,-57,Water
21,-55,Water
21,-53,Water
21,-51,Water
21,-49,Water
21,-47,Water
21,-45,Water
21,-43,Water
21,-41,Water
21,-39,Water
21,-37,Water
21,-35,Water
21,-33,Water
21,-31,Water
21,-29,Water
21,-27,Water
21,-25,Water
21,-23,Water
21,-21,Water
21,-19,Water
21,-17,Water
21,-15,Land
21,-13,Land
21,-11,Land
21,-9,Land
21,-7,Land
21,-5,Land
21,-3,Land
21,-1,Land
21,1,Land
21,3,Land
21,5,Land
21,7,Land
21,9,Land
21,11,Land
21,13,Land
21,15,Land
21,17,Land
21,19,Land
21,21,Land
21,23,Land
21,25,Land
21,27,Land
21,29,Land
21,31,Land
21,33,Land
21,35,Land
21,37,Land
21,39,Water
21,41,Land
21,43,Land
21,45,Land
21,47,Land
21,49,Land
21,51,Land
21,53,Land
21,55,Land
21,57,Land
21,59,Water
21,61,Water
21,63,Water
21,65,Water
21,67,Water
21,69,Water
21,71,Land
21,73,Land
21,75,Land
21,77,Land
21,79,Land
21,81,Land
21,83,Land
21,85,Land
21,87,Water
21,89,Water
21,91,Water
21,93,Land
21,95,Land
21,97,Land
21,99,Land
21,101,Land
21,103,Land
21,105,Land
21,107,Land
21,109,Water
21,111,Water
21,113,Water
21,115,Water
21,117,Water
21,119,Water
21,121,Water
21,123,Water
21,125,Water
21,127,Water
21,129,Water
21,131,Water
21,133,Water
21,135,Water
21,137,Water
21,139,Water
21,141,Water
21,143,Water
21,145,Water
21,147,Water
21,149,Water
21,151,Water
21,153,Water
21,155,Water
21,157,Water
21,159,Water
21,161,Water
21,163,Water
21,165,Water
21,167,Water
21,169,Water
21,171,Water
21,173,Water
21,175,Water
21,177,Water
21,179,Water
23,-179,Water
23,-177,Water
23,-175,Water
23,-173,Water
23,-171,Water
23,-169,Water
23,-167,Water
23,-165,Water
23,-163,Water
23,-161,Water
23,-159,Water
23,-157,Water
23,-155,Water
23,-153,Water
23,-151,Water
23,-149,Water
23,-147,Water
23,-145,Water
23,-143,Water
23,-141,Water
23,-139,Water
23,-137,Water
23,-135,Water
23,-133,Water
23,-131,Water
23,-129,Water
23,-127,Water
23,-125,Water
23,-123,Water
23,-121,Water
23,-119,Water
23,-117,Water
23,-115,Water
23,-113,Water
23,-111,Water
23,-109,Water
23,-107,Water
23,-105,Land
23,-103,Land
23,-101,Land
23,-99,Land
23,-97,Water
23,-95,Water
23,-93,Water
23,-91,Water
23,-89,Water
23,-87,Water
23,-85,Water
23,-83,Land
23,-81,Land
23,-79,Water
23,-77,Water
23,-75,Water
23,-73,Water
23,-71,Water
23,-69,Water
23,-67,Water
23,-65,Water
23,-63,Water
23,-61,Water
23,-59,Water
23,-57,Water
23,-55,Water
23,-53,Water
23,-51,Water
23,-49,Water
23,-47,Water
23,-45,Water
23,-43,Water
23,-41,Water
23,-39,Water
23,-37,Water
23,-35,Water
23,-33,Water
23,-31,Water
23,-29,Water
23,-27,Water
23,-25,Water
23,-23,Water
23,-21,Water
23,-19,Water
23,-17,Water
23,-15,Land
23,-13,Land
23,-11,Land
23,-9,Land
23,-7,Land
23,-5,Land
23,-3,Land
23,-1,Land
23,1,Land
23,3,Land
23,5,Land
23,7,Land
23,9,Land
23,11,Land
23,13,Land
23,15,Land
23,17,Land
23,19,Land
23,21,Land
23,23,Land
23,25,Land
23,27,Land
23,29,Land
23,31,Land
23,33,Land
23,35,Land
23,37,Water
23,39,Land
23,41,Land
23,43,Land
23,45,Land
23,47,Land
23,49,Land
23,51,Land
23,53,Land
23,55,Land
23,57,Land
23,59,Land
23,61,Water
23,63,Water
23,65,Water
23,67,Water
23,69,Land
23,71,Land
23,73,Land
23,75,Land
23,77,Land
23,79,Land
23,81,Land
23,83,Land
23,85,Land
23,87,Land
23,89,Land
23,91,Land
23,93,Land
23,95,Land
23,97,Land
23,99,Land
23,101,Land
23,103,Land
23,105,Land
23,107,Land
23,109,Land
23,111,Land
23,113,Land
23,115,Land
23,117,Water
23,119,Water
23,121,Land
23,123,Water
23,125,Water
23,127,Water
23,129,Water
23,131,Water
23,133,Water
23,135,Water
23,137,Water
23,139,Water
23,141,Water
23,143,Water
23,145,Water
23,147,Water
23,149,Water
23,151,Water
23,153,Water
23,155,Water
23,157,Water
23,159,Water
23,161,Water
23,163,Water
23,165,Water
23,167,Water
23,169,Water
23,171,Water
23,173,Water
23,175,Water
23,177,Water
23,179,Water
25,-179,Water
25,-177,Water
25,-175,Water
25,-173,Water
25,-171,Water
25,-169,Water
25,-167,Water
25,-165,Water
25,-163,Water
25,-161,Water
25,-159,Water
25,-157,Water
25,-155,Water
25,-153,Water
25,-151,Water
25,-149,Water
25,-147,Water
25,-145,Water
25,-143,Water
25,-141,Water
25,-139,Water
25,-137,Water
25,-135,Water
25,-133,Water
25,-131,Water
25,-129,Water
25,-127,Water
25,-125,Water
25,-123,Water
25,-121,Water
25,-119,Water
25,-117,Water
25,-115,Water
25,-113,Water
25,-111,Land
25,-109,Water
25,-107,Land
25,-105,Land
25,-103,Land
25,-101,Land
25,-99,Land
25,-97,Water
25,-95,Water
25,-93,Water
25,-91,Water
25,-89,Water
25,-87,Water
25,-85,Water
25,-83,Water
25,-81,Water
25,-79,Water
25,-77,Water
25,-75,Water
25,-73,Water
25,-71,Water
25,-69,Water
25,-67,Water
25,-65,Water
25,-63,Water
25,-61,Water
25,-59,Water
25,-57,Water
25,-55,Water
25,-53,Water
25,-51,Water
25,-49,Water
25,-47,Water
25,-45,Water
25,-43,Water
25,-41,Water
25,-39,Water
25,-37,Water
25,-35,Water
25,-33,Water
25,-31,Water
25,-29,Water
25,-27,Water
25,-25,Water
25,-23,Water
25,-21,Water
25,-19,Water
25,-17,Water
25,-15,Water
25,-13,Land
25,-11,Land
25,-9,Land
25,-7,Land
25,-5,Land
25,-3,Land
25,-1,Land
25,1,Land
25,3,Land
25,5,Land
25,7,Land
25,9,Land
25,11,Land
25,13,Land
25,15,Land
25,17,Land
25,19,Land
25,21,Land
25,23,Land
25,25,Land
25,27,Land
25,29,Land
25,31,Land
25,33,Land
25,35,Water
25,37,Water
25,39,Land
25,41,Land
25,43,Land
25,45,Land
25,47,Land
25,49,Land
25,51,Land
25,53,Water
25,55,Water
25,57,Water
25,59,Water
25,61,Water
25,63,Water
25,65,Water
25,67,Land
25,69,Land
25,71,Land
25,73,Land
25,75,Land
25,77,Land
25,79,Land
25,81,Land
25,83,Land
25,85,Land
25,87,Land
25,89,Land
25,91,Land
25,93,Land
25,95,Land
25,97,Land
25,99,Land
25,101,Land
25,103,Land
25,105,Land
25,107,Land
25,109,Land
25,111,Land
25,113,Land
25,115,Land
25,117,Land
25,119,Water
25,121,Water
25,123,Water
25,125,Water
25,127,Water
25,129,Water
25,131,Water
25,133,Water
25,135,Water
25,137,Water
25,139,Water
25,141,Water
25,143,Water
25,145,Water
25,147,Water
25,149,Water
25,151,Water
25,153,Water
25,155,Water
25,157,Water
25,159,Water
25,161,Water
25,163,Water
25,165,Water
25,167,Water
25,169,Water
25,171,Water
25,173,Water
25,175,Water
25,177,Water
25,179,Water
27,-179,Water
27,-177,Water
27,-175,Water
27,-173,Water
27,-171,Water
27,-169,Water
27,-167,Water
27,-165,Water
27,-163,Water
27,-161,Water
27,-159,Water
27,-157,Water
27,-155,Water
27,-153,Water
27,-151,Water
27,-149,Water
27,-147,Water
27,-145,Water
27,-143,Water
27,-141,Water
27,-139,Water
27,-137,Water
27,-135,Water
27,-133,Water
27,-131,Water
27,-129,Water
27,-127,Water
27,-125,Water
27,-123,Water
27,-121,Water
27,-119,Water
27,-117,Water
27,-115,Water
27,-113,Land
27,-111,Water
27,-109,Land
27,-107,Land
27,-105,Land
27,-103,Land
27,-101,Land
27,-99,Land
27,-97,Water
27,-95,Water
27,-93,Water
27,-91,Water
27,-89,Water
27,-87,Water
27,-85,Water
27,-83,Water
27,-81,Water
27,-79,Water
27,-77,Water
27,-75,Water
27,-73,Water
27,-71,Water
27,-69,Water
27,-67,Water
27,-65,Water
27,-63,Water
27,-61,Water
27,-59,Water
27,-57,Water
27,-55,Water
27,-53,Water
27,-51,Water
27,-49,Water
27,-47,Water
27,-45,Water
27,-43,Water
27,-41,Water
27,-39,Water
27,-37,Water
27,-35,Water
27,-33,Water
27,-31,Water
27,-29,Water
27,-27,Water
27,-25,Water
27,-23,Water
27,-21,Water
27,-19,Water
27,-17,Water
27,-15,Water
27,-13,Land
27,-11,Land
27,-9,Land
27,-7,Land
27,-5,Land
27,-3,Land
27,-1,Land
27,1,Land
27,3,Land
27,5,Land
27,7,Land
27,9,Land
27,11,Land
27,13,Land
27,15,Land
27,17,Land
27,19,Land
27,21,Land
27,23,Land
27,25,Land
27,27,Land
27,29,Land
27,31,Land
27,33,Land
27,35,Water
27,37,Land
27,39,Land
27,41,Land
27,43,Land
27,45,Land
27,47,Land
27,49,Land
27,51,Water
27,53,Water
27,55,Land
27,57,Land
27,59,Land
27,61,Land
27,63,Land
27,65,Land
27,67,Land
27,69,Land
27,71,Land
27,73,Land
27,75,Land
27,77,Land
27,79,Land
27,81,Land
27,83,Land
27,85,Land
27,87,Land
27,89,Land
27,91,Land
27,93,Land
27,95,Land
27,97,Land
27,99,Land
27,101,Land
27,103,Land
27,105,Land
27,107,Land
27,109,Land
27,111,Land
27,113,Land
27,115,Land
27,117,Land
27,119,Land
27,121,Water
27,123,Water
27,125,Water
27,127,Water
27,129,Water
27,131,Water
27,133,Water
27,135,Water
27,137,Water
27,139,Water
27,141,Water
27,143,Water
27,145,Water
27,147,Water
27,149,Water
27,151,Water
27,153,Water
27,155,Water
27,157,Water
27,159,Water
27,161,Water
27,163,Water
27,165,Water
27,167,Water
27,169,Water
27,171,Water
27,173,Water
27,175,Water
27,177,Water
27,179,Water
29,-179,Water
29,-177,Water
29,-175,Water
29,-173,Water
29,-171,Water
29,-169,Water
29,-167,Water
29,-165,Water
29,-163,Water
29,-161,Water
29,-159,Water
29,-157,Water
29,-155,Water
29,-153,Water
29,-151,Water
29,-149,Water
29,-147,Water
29,-145,Water
29,-143,Water
29,-141,Water
29,-139,Water
29,-137,Water
29,-135,Water
29,-133,Water
29,-131,Water
29,-129,Water
29,-127,Water
29,-125,Water
29,-123,Water
29,-121,Water
29,-119,Water
29,-117,Water
29,-115,Water
29,-113,Water
29,-111,Land
29,-109,Land
29,-107,Land
29,-105,Land
29,-103,Land
29,-101,Land
29,-99,Land
29,-97,Land
29,-95,Water
29,-93,Water
29,-91,Water
29,-89,Water
29,-87,Water
29,-85,Water
29,-83,Water
29,-81,Land
29,-79,Water
29,-77,Water
29,-75,Water
29,-73,Water
29,-71,Water
29,-69,Water
29,-67,Water
29,-65,Water
29,-63,Water
29,-61,Water
29,-59,Water
29,-57,Water
29,-55,Water
29,-53,Water
29,-51,Water
29,-49,Water
29,-47,Water
29,-45,Water
29,-43,Water
29,-41,Water
29,-39,Water
29,-37,Water
29,-35,Water
29,-33,Water
29,-31,Water
29,-29,Water
29,-27,Water
29,-25,Water
29,-23,Water
29,-21,Water
29,-19,Water
29,-17,Water
29,-15,Water
29,-13,Water
29,-11,Water
29,-9,Land
29,-7,Land
29,-5,Land
29,-3,Land
29,-1,Land
29,1,Land
29,3,Land
29,5,Land
29,7,Land
29,9,Land
29,11,Land
29,13,Land
29,15,Land
29,17,Land
29,19,Land
29,21,Land
29,23,Land
29,25,Land
29,27,Land
29,29,Land
29,31,Land
29,33,Water
29,35,Land
29,37,Land
29,39,Land
29,41,Land
29,43,Land
29,45,Land
29,47,Land
29,49,Water
29,51,Land
29,53,Land
29,55,Land
29,57,Land
29,59,Land
29,61,Land
29,63,Land
29,65,Land
29,67,Land
29,69,Land
29,71,Land
29,73,Land
29,75,Land
29,77,Land
29,79,Land
29,81,Land
29,83,Land
29,85,Land
29,87,Land
29,89,Land
29,91,Land
29,93,Land
29,95,Land
29,97,Land
29,99,Land
29,101,Land
29,103,Land
29,105,Land
29,107,Land
29,109,Land
29,111,Land
29,113,Land
29,115,Land
29,117,Land
29,119,Land
29,121,Land
29,123,Water
29,125,Water
29,127,Water
29,129,Water
29,131,Water
29,133,Water
29,135,Water
29,137,Water
29,139,Water
29,141,Water
29,143,Water
29,145,Water
29,147,Water
29,149,Water
29,151,Water
29,153,Water
29,155,Water
29,157,Water
29,159,Water
29,161,Water
29,163,Water
29,165,Water
29,167,Water
29,169,Water
29,171,Water
29,173,Water
29,175,Water
29,177,Water
29,179,Water
31,-179,Water
31,-177,Water
31,-175,Water
31,-173,Water
31,-171,Water
31,-169,Water
31,-167,Water
31,-165,Water
31,-163,Water
31,-161,Water
31,-159,Water
31,-157,Water
31,-155,Water
31,-153,Water
31,-151,Water
31,-149,Water
31,-147,Water
31,-145,Water
31,-143,Water
31,-141,Water
31,-139,Water
31,-137,Water
31,-135,Water
31,-133,Water
31,-131,Water
31,-129,Water
31,-127,Water
31,-125,Water
31,-123,Water
31,-121,Water
31,-119,Water
31,-117,Water
31,-115,Land
31,-113,Land
31,-111,Land
31,-109,Land
31,-107,Land
31,-105,Land
31,-103,Land
31,-101,Land
31,-99,Land
31,-97,Land
31,-95,Land
31,-93,Land
31,-91,Land
31,-89,Land
31,-87,Land
31,-85,Land
31,-83,Land
31,-81,Water
31,-79,Water
31,-77,Water
31,-75,Water
31,-73,Water
31,-71,Water
31,-69,Water
31,-67,Water
31,-65,Water
31,-63,Water
31,-61,Water
31,-59,Water
31,-57,Water
31,-55,Water
31,-53,Water
31,-51,Water
31,-49,Water
31,-47,Water
31,-45,Water
31,-43,Water
31,-41,Water
31,-39,Water
31,-37,Water
31,-35,Water
31,-33,Water
31,-31,Water
31,-29,Water
31,-27,Water
31,-25,Water
31,-23,Water
31,-21,Water
31,-19,Water
31,-17,Water
31,-15,Water
31,-13,Water
31,-11,Water
31,-9,Land
31,-7,Land
31,-5,Land
31,-3,Land
31,-1,Land
31,1,Land
31,3,Land
31,5,Land
31,7,Land
31,9,Land
31,11,Land
31,13,Land
31,15,Land
31,17,Land
31,19,Water
31,21,Land
31,23,Land
31,25,Land
31,27,Land
31,29,Water
31,31,Land
31,33,Land
31,35,Land
31,37,Land
31,39,Land
31,41,Land
31,43,Land
31,45,Land
31,47,Land
31,49,Land
31,51,Land
31,53,Land
31,55,Land
31,57,Land
31,59,Land
31,61,Land
31,63,Land
31,65,Land
31,67,Land
31,69,Land
31,71,Land
31,73,Land
31,75,Land
31,77,Land
31,79,Land
31,81,Land
31,83,Land
31,85,Land
31,87,Water
31,89,Land
31,91,Land
31,93,Land
31,95,Land
31,97,Land
31,99,Land
31,101,Land
31,103,Land
31,105,Land
31,107,Land
31,109,Land
31,111,Land
31,113,Land
31,115,Land
31,117,Land
31,119,Land
31,121,Land
31,123,Water
31,125,Water
31,127,Water
31,129,Water
31,131,Water
31,133,Water
31,135,Water
31,137,Water
31,139,Water
31,141,Water
31,143,Water
31,145,Water
31,147,Water
31,149,Water
31,151,Water
31,153,Water
31,155,Water
31,157,Water
31,159,Water
31,161,Water
31,163,Water
31,165,Water
31,167,Water
31,169,Water
31,171,Water
31,173,Water
31,175,Water
31,177,Water
31,179,Water
33,-179,Water
33,-177,Water
33,-175,Water
33,-173,Water
33,-171,Water
33,-169,Water
33,-167,Water
33,-165,Water
33,-163,Water
33,-161,Water
33,-159,Water
33,-157,Water
33,-155,Water
33,-153,Water
33,-151,Water
33,-149,Water
33,-147,Water
33,-145,Water
33,-143,Water
33,-141,Water
33,-139,Water
33,-137,Water
33,-135,Water
33,-133,Water
33,-131,Water
33,-129,Water
33,-127,Water
33,-125,Water
33,-123,Water
33,-121,Water
33,-119,Water
33,-117,Land
33,-115,Land
33,-113,Land
33,-111,Land
33,-109,Land
33,-107,Land
33,-105,Land
33,-103,Land
33,-101,Land
33,-99,Land
33,-97,Land
33,-95,Land
33,-93,Land
33,-91,Land
33,-89,Land
33,-87,Land
33,-85,Land
33,-83,Land
33,-81,Land
33,-79,Water
33,-77,Water
33,-75,Water
33,-73,Water
33,-71,Water
33,-69,Water
33,-67,Water
33,-65,Water
33,-63,Water
33,-61,Water
33,-59,Water
33,-57,Water
33,-55,Water
33,-53,Water
33,-51,Water
33,-49,Water
33,-47,Water
33,-45,Water
33,-43,Water
33,-41,Water
33,-39,Water
33,-37,Water
33,-35,Water
33,-33,Water
33,-31,Water
33,-29,Water
33,-27,Water
33,-25,Water
33,-23,Water
33,-21,Water
33,-19,Water
33,-17,Water
33,-15,Water
33,-13,Water
33,-11,Water
33,-9,Water
33,-7,Land
33,-5,Land
33,-3,Land
33,-1,Land
33,1,Land
33,3,Land
33,5,Land
33,7,Land
33,9,Land
33,11,Land
33,13,Water
33,15,Water
33,17,Water
33,19,Water
33,21,Water
33,23,Water
33,25,Water
33,27,Water
33,29,Water
33,31,Water
33,33,Water
33,35,Water
33,37,Land
33,39,Land
33,41,Land
33,43,Land
33,45,Land
33,47,Land
33,49,Land
33,51,Land
33,53,Land
33,55,Land
33,57,Land
33,59,Land
33,61,Land
33,63,Land
33,65,Land
33,67,Land
33,69,Land
33,71,Land
33,73,Land
33,75,Land
33,77,Land
33,79,Land
33,81,Land
33,83,Land
33,85,Land
33,87,Land
33,89,Land
33,91,Land
33,93,Land
33,95,Land
33,97,Land
33,99,Land
33,101,Land
33,103,Land
33,105,Land
33,107,Land
33,109,Land
33,111,Land
33,113,Land
33,115,Land
33,117,Land
33,119,Land
33,121,Water
33,123,Water
33,125,Water
33,127,Water
33,129,Water
33,131,Land
33,133,Land
33,135,Water
33,137,Water
33,139,Water
33,141,Water
33,143,Water
33,145,Water
33,147,Water
33,149,Water
33,151,Water
33,153,Water
33,155,Water
33,157,Water
33,159,Water
33,161,Water
33,163,Water
33,165,Water
33,167,Water
33,169,Water
33,171,Water
33,173,Water
33,175,Water
33,177,Water
33,179,Water
35,-179,Water
35,-177,Water
35,-175,Water
35,-173,Water
35,-171,Water
35,-169,Water
35,-167,Water
35,-165,Water
35,-163,Water
35,-161,Water
35,-159,Water
35,-157,Water
35,-155,Water
35,-153,Water
35,-151,Water
35,-149,Water
35,-147,Water
35,-145,Water
35,-143,Water
35,-141,Water
35,-139,Water
35,-137,Water
35,-135,Water
35,-133,Water
35,-131,Water
35,-129,Water
35,-127,Water
35,-125,Water
35,-123,Water
35,-121,Water
35,-119,Land
35,-117,Land
35,-115,Land
35,-113,Land
35,-111,Land
35,-109,Land
35,-107,Land
35,-105,Land
35,-103,Land
35,-101,Land
35,-99,Land
35,-97,Land
35,-95,Land
35,-93,Land
35,-91,Land
35,-89,Land
35,-87,Land
35,-85,Land
35,-83,Land
35,-81,Land
35,-79,Land
35,-77,Land
35,-75,Water
35,-73,Water
35,-71,Water
35,-69,Water
35,-67,Water
35,-65,Water
35,-63,Water
35,-61,Water
35,-59,Water
35,-57,Water
35,-55,Water
35,-53,Water
35,-51,Water
35,-49,Water
35,-47,Water
35,-45,Water
35,-43,Water
35,-41,Water
35,-39,Water
35,-37,Water
35,-35,Water
35,-33,Water
35,-31,Water
35,-29,Water
35,-27,Water
35,-25,Water
35,-23,Water
35,-21,Water
35,-19,Water
35,-17,Water
35,-15,Water
35,-13,Water
35,-11,Water
35,-9,Water
35,-7,Water
35,-5,Land
35,-3,Land
35,-1,Land
35,1,Land
35,3,Land
35,5,Land
35,7,Land
35,9,Land
35,11,Water
35,13,Water
35,15,Water
35,17,Water
35,19,Water
35,21,Water
35,23,Water
35,25,Land
35,27,Water
35,29,Water
35,31,Water
35,33,Land
35,35,Water
35,37,Land
35,39,Land
35,41,Land
35,43,Land
35,45,Land
35,47,Land
35,49,Land
35,51,Land
35,53,Land
35,55,Land
35,57,Land
35,59,Land
35,61,Land
35,63,Land
35,65,Land
35,67,Land
35,69,Land
35,71,Land
35,73,Land
35,75,Land
35,77,Land
35,79,Land
35,81,Water
35,83,Land
35,85,Land
35,87,Land
35,89,Land
35,91,Land
35,93,Land
35,95,Land
35,97,Land
35,99,Land
35,101,Land
35,103,Land
35,105,Land
35,107,Land
35,109,Land
35,111,Water
35,113,Land
35,115,Land
35,117,Land
35,119,Land
35,121,Water
35,123,Water
35,125,Water
35,127,Land
35,129,Water
35,131,Water
35,133,Land
35,135,Land
35,137,Land
35,139,Land
35,141,Water
35,143,Water
35,145,Water
35,147,Water
35,149,Water
35,151,Water
35,153,Water
35,155,Water
35,157,Water
35,159,Water
35,161,Water
35,163,Water
35,165,Water
35,167,Water
35,169,Water
35,171,Water
35,173,Water
35,175,Water
35,177,Water
35,179,Water
37,-179,Water
37,-177,Water
37,-175,Water
37,-173,Water
37,-171,Water
37,-169,Water
37,-167,Water
37,-165,Water
37,-163,Water
37,-161,Water
37,-159,Water
37,-157,Water
37,-155,Water
37,-153,Water
37,-151,Water
37,-149,Water
37,-147,Water
37,-145,Water
37,-143,Water
37,-141,Water
37,-139,Water
37,-137,Water
37,-135,Water
37,-133,Water
37,-131,Water
37,-129,Water
37,-127,Water
37,-125,Water
37,-123,Water
37,-121,Land
37,-119,Land
37,-117,Land
37,-115,Land
37,-113,Land
37,-111,Land
37,-109,Land
37,-107,Land
37,-105,Land
37,-103,Land
37,-101,Land
37,-99,Land
37,-97,Land
37,-95,Land
37,-93,Land
37,-91,Land
37,-89,Land
37,-87,Land
37,-85,Land
37,-83,Land
37,-81,Land
37,-79,Land
37,-77,Land
37,-75,Water
37,-73,Water
37,-71,Water
37,-69,Water
37,-67,Water
37,-65,Water
37,-63,Water
37,-61,Water
37,-59,Water
37,-57,Water
37,-55,Water
37,-53,Water
37,-51,Water
37,-49,Water
37,-47,Water
37,-45,Water
37,-43,Water
37,-41,Water
37,-39,Water
37,-37,Water
37,-35,Water
37,-33,Water
37,-31,Water
37,-29,Water
37,-27,Water
37,-25,Water
37,-23,Water
37,-21,Water
37,-19,Water
37,-17,Water
37,-15,Water
37,-13,Water
37,-11,Water
37,-9,Water
37,-7,Water
37,-5,Land
37,-3,Land
37,-1,Water
37,1,Water
37,3,Water
37,5,Water
37,7,Water
37,9,Land
37,11,Land
37,13,Water
37,15,Land
37,17,Water
37,19,Water
37,21,Water
37,23,Land
37,25,Water
37,27,Land
37,29,Land
37,31,Land
37,33,Land
37,35,Land
37,37,Land
37,39,Land
37,41,Land
37,43,Land
37,45,Land
37,47,Land
37,49,Land
37,51,Water
37,53,Water
37,55,Land
37,57,Land
37,59,Land
37,61,Land
37,63,Land
37,65,Land
37,67,Land
37,69,Land
37,71,Land
37,73,Land
37,75,Land
37,77,Land
37,79,Land
37,81,Land
37,83,Land
37,85,Land
37,87,Land
37,89,Land
37,91,Land
37,93,Land
37,95,Land
37,97,Land
37,99,Land
37,101,Land
37,103,Land
37,105,Land
37,107,Land
37,109,Land
37,111,Land
37,113,Land
37,115,Land
37,117,Land
37,119,Land
37,121,Land
37,123,Water
37,125,Water
37,127,Land
37,129,Land
37,131,Water
37,133,Water
37,135,Water
37,137,Land
37,139,Land
37,141,Water
37,143,Water
37,145,Water
37,147,Water
37,149,Water
37,151,Water
37,153,Water
37,155,Water
37,157,Water
37,159,Water
37,161,Water
37,163,Water
37,165,Water
37,167,Water
37,169,Water
37,171,Water
37,173,Water
37,175,Water
37,177,Water
37,179,Water
39,-179,Water
39,-177,Water
39,-175,Water
39,-173,Water
39,-171,Water
39,-169,Water
39,-167,Water
39,-165,Water
39,-163,Water
39,-161,Water
39,-159,Water
39,-157,Water
39,-155,Water
39,-153,Water
39,-151,Water
39,-149,Water
39,-147,Water
39,-145,Water
39,-143,Water
39,-141,Water
39,-139,Water
39,-137,Water
39,-135,Water
39,-133,Water
39,-131,Water
39,-129,Water
39,-127,Water
39,-125,Water
39,-123,Land
39,-121,Land
39,-119,Land
39,-117,Land
39,-115,Land
39,-113,Land
39,-111,Land
39,-109,Land
39,-107,Land
39,-105,Land
39,-103,Land
39,-101,Land
39,-99,Land
39,-97,Land
39,-95,Land
39,-93,Land
39,-91,Land
39,-89,Land
39,-87,Land
39,-85,Land
39,-83,Land
39,-81,Land
39,-79,Land
39,-77,Land
39,-75,Water
39,-73,Water
39,-71,Water
39,-69,Water
39,-67,Water
39,-65,Water
39,-63,Water
39,-61,Water
39,-59,Water
39,-57,Water
39,-55,Water
39,-53,Water
39,-51,Water
39,-49,Water
39,-47,Water
39,-45,Water
39,-43,Water
39,-41,Water
39,-39,Water
39,-37,Water
39,-35,Water
39,-33,Water
39,-31,Water
39,-29,Water
39,-27,Water
39,-25,Water
39,-23,Water
39,-21,Water
39,-19,Water
39,-17,Water
39,-15,Water
39,-13,Water
39,-11,Water
39,-9,Land
39,-7,Land
39,-5,Land
39,-3,Land
39,-1,Land
39,1,Water
39,3,Water
39,5,Water
39,7,Water
39,9,Land
39,11,Water
39,13,Water
39,15,Water
39,17,Land
39,19,Water
39,21,Water
39,23,Land
39,25,Water
39,27,Land
39,29,Land
39,31,Land
39,33,Land
39,35,Land
39,37,Land
39,39,Land
39,41,Land
39,43,Land
39,45,Land
39,47,Land
39,49,Water
39,51,Water
39,53,Water
39,55,Land
39,57,Land
39,59,Land
39,61,Land
39,63,Land
39,65,Land
39,67,Land
39,69,Land
39,71,Land
39,73,Land
39,75,Land
39,77,Land
39,79,Land
39,81,Land
39,83,Land
39,85,Land
39,87,Land
39,89,Land
39,91,Land
39,93,Land
39,95,Land
39,97,Land
39,99,Land
39,101,Land
39,103,Land
39,105,Land
39,107,Land
39,109,Land
39,111,Land
39,113,Land
39,115,Land
39,117,Land
39,119,Water
39,121,Water
39,123,Water
39,125,Water
39,127,Land
39,129,Water
39,131,Water
39,133,Water
39,135,Water
39,137,Water
39,139,Water
39,141,Land
39,143,Water
39,145,Water
39,147,Water
39,149,Water
39,151,Water
39,153,Water
39,155,Water
39,157,Water
39,159,Water
39,161,Water
39,163,Water
39,165,Water
39,167,Water
39,169,Water
39,171,Water
39,173,Water
39,175,Water
39,177,Water
39,179,Water
41,-179,Water
41,-177,Water
41,-175,Water
41,-173,Water
41,-171,Water
41,-169,Water
41,-167,Water
41,-165,Water
41,-163,Water
41,-161,Water
41,-159,Water
41,-157,Water
41,-155,Water
41,-153,Water
41,-151,Water
41,-149,Water
41,-147,Water
41,-145,Water
41,-143,Water
41,-141,Water
41,-139,Water
41,-137,Water
41,-135,Water
41,-133,Water
41,-131,Water
41,-129,Water
41,-127,Water
41,-125,Water
41,-123,Land
41,-121,Land
41,-119,Land
41,-117,Land
41,-115,Land
41,-113,Land
41,-111,Land
41,-109,Land
41,-107,Land
41,-105,Land
41,-103,Land
41,-101,Land
41,-99,Land
41,-97,Land
41,-95,Land
41,-93,Land
41,-91,Land
41,-89,Land
41,-87,Land
41,-85,Land
41,-83,Land
41,-81,Land
41,-79,Land
41,-77,Land
41,-75,Land
41,-73,Water
41,-71,Water
41,-69,Water
41,-67,Water
41,-65,Water
41,-63,Water
41,-61,Water
41,-59,Water
41,-57,Water
41,-55,Water
41,-53,Water
41,-51,Water
41,-49,Water
41,-47,Water
41,-45,Water
41,-43,Water
41,-41,Water
41,-39,Water
41,-37,Water
41,-35,Water
41,-33,Water
41,-31,Water
41,-29,Water
41,-27,Water
41,-25,Water
41,-23,Water
41,-21,Water
41,-19,Water
41,-17,Water
41,-15,Water
41,-13,Water
41,-11,Water
41,-9,Water
41,-7,Land
41,-5,Land
41,-3,Land
41,-1,Land
41,1,Water
41,3,Water
41,5,Water
41,7,Water
41,9,Land
41,11,Water
41,13,Water
41,15,Land
41,17,Land
41,19,Water
41,21,Water
41,23,Land
41,25,Land
41,27,Land
41,29,Water
41,31,Land
41,33,Land
41,35,Land
41,37,Land
41,39,Land
41,41,Land
41,43,Land
41,45,Land
41,47,Land
41,49,Land
41,51,Water
41,53,Water
41,55,Land
41,57,Land
41,59,Land
41,61,Land
41,63,Land
41,65,Land
41,67,Land
41,69,Land
41,71,Land
41,73,Land
41,75,Land
41,77,Land
41,79,Land
41,81,Land
41,83,Land
41,85,Land
41,87,Land
41,89,Land
41,91,Land
41,93,Land
41,95,Land
41,97,Land
41,99,Land
41,101,Land
41,103,Land
41,105,Land
41,107,Land
41,109,Land
41,111,Land
41,113,Land
41,115,Land
41,117,Land
41,119,Land
41,121,Land
41,123,Land
41,125,Land
41,127,Land
41,129,Land
41,131,Water
41,133,Water
41,135,Water
41,137,Water
41,139,Water
41,141,Water
41,143,Water
41,145,Water
41,147,Water
41,149,Water
41,151,Water
41,153,Water
41,155,Water
41,157,Water
41,159,Water
41,161,Water
41,163,Water
41,165,Water
41,167,Water
41,169,Water
41,171,Water
41,173,Water
41,175,Water
41,177,Water
41,179,Water
43,-179,Water
43,-177,Water
43,-175,Water
43,-173,Water
43,-171,Water
43,-169,Water
43,-167,Water
43,-165,Water
43,-163,Water
43,-161,Water
43,-159,Water
43,-157,Water
43,-155,Water
43,-153,Water
43,-151,Water
43,-149,Water
43,-147,Water
43,-145,Water
43,-143,Water
43,-141,Water
43,-139,Water
43,-137,Water
43,-135,Water
43,-133,Water
43,-131,Water
43,-129,Water
43,-127,Water
43,-125,Water
43,-123,Land
43,-121,Land
43,-119,Land
43,-117,Land
43,-115,Land
43,-113,Land
43,-111,Land
43,-109,Land
43,-107,Land
43,-105,Land
43,-103,Land
43,-101,Land
43,-99,Land
43,-97,Land
43,-95,Land
43,-93,Land
43,-91,Land
43,-89,Land
43,-87,Water
43,-85,Land
43,-83,Land
43,-81,Land
43,-79,Land
43,-77,Land
43,-75,Land
43,-73,Land
43,-71,Land
43,-69,Water
43,-67,Water
43,-65,Water
43,-63,Water
43,-61,Water
43,-59,Water
43,-57,Water
43,-55,Water
43,-53,Water
43,-51,Water
43,-49,Water
43,-47,Water
43,-45,Water
43,-43,Water
43,-41,Water
43,-39,Water
43,-37,Water
43,-35,Water
43,-33,Water
43,-31,Water
43,-29,Water
43,-27,Water
43,-25,Water
43,-23,Water
43,-21,Water
43,-19,Water
43,-17,Water
43,-15,Water
43,-13,Water
43,-11,Water
43,-9,Land
43,-7,Land
43,-5,Land
43,-3,Land
43,-1,Land
43,1,Land
43,3,Land
43,5,Water
43,7,Water
43,9,Water
43,11,Land
43,13,Land
43,15,Water
43,17,Water
43,19,Land
43,21,Land
43,23,Land
43,25,Land
43,27,Land
43,29,Water
43,31,Water
43,33,Water
43,35,Water
43,37,Water
43,39,Water
43,41,Land
43,43,Land
43,45,Land
43,47,Land
43,49,Water
43,51,Water
43,53,Land
43,55,Land
43,57,Land
43,59,Land
43,61,Land
43,63,Land
43,65,Land
43,67,Land
43,69,Land
43,71,Land
43,73,Land
43,75,Land
43,77,Land
43,79,Land
43,81,Land
43,83,Land
43,85,Land
43,87,Land
43,89,Land
43,91,Land
43,93,Land
43,95,Land
43,97,Land
43,99,Land
43,101,Land
43,103,Land
43,105,Land
43,107,Land
43,109,Land
43,111,Land
43,113,Land
43,115,Land
43,117,Land
43,119,Land
43,121,Land
43,123,Land
43,125,Land
43,127,Land
43,129,Land
43,131,Land
43,133,Land
43,135,Water
43,137,Water
43,139,Water
43,141,Land
43,143,Land
43,145,Land
43,147,Water
43,149,Water
43,151,Water
43,153,Water
43,155,Water
43,157,Water
43,159,Water
43,161,Water
43,163,Water
43,165,Water
43,167,Water
43,169,Water
43,171,Water
43,173,Water
43,175,Water
43,177,Water
43,179,Water
45,-179,Water
45,-177,Water
45,-175,Water
45,-173,Water
45,-171,Water
45,-169,Water
45,-167,Water
45,-165,Water
45,-163,Water
45,-161,Water
45,-159,Water
45,-157,Water
45,-155,Water
45,-153,Water
45,-151,Water
45,-149,Water
45,-147,Water
45,-145,Water
45,-143,Water
45,-141,Water
45,-139,Water
45,-137,Water
45,-135,Water
45,-133,Water
45,-131,Water
45,-129,Water
45,-127,Water
45,-125,Water
45,-123,Land
45,-121,Land
45,-119,Land
45,-117,Land
45,-115,Land
45,-113,Land
45,-111,Land
45,-109,Land
45,-107,Land
45,-105,Land
45,-103,Land
45,-101,Land
45,-99,Land
45,-97,Land
45,-95,Land
45,-93,Land
45,-91,Land
45,-89,Land
45,-87,Water
45,-85,Land
45,-83,Water
45,-81,Water
45,-79,Land
45,-77,Land
45,-75,Land
45,-73,Land
45,-71,Land
45,-69,Land
45,-67,Water
45,-65,Land
45,-63,Land
45,-61,Water
45,-59,Water
45,-57,Water
45,-55,Water
45,-53,Water
45,-51,Water
45,-49,Water
45,-47,Water
45,-45,Water
45,-43,Water
45,-41,Water
45,-39,Water
45,-37,Water
45,-35,Water
45,-33,Water
45,-31,Water
45,-29,Water
45,-27,Water
45,-25,Water
45,-23,Water
45,-21,Water
45,-19,Water
45,-17,Water
45,-15,Water
45,-13,Water
45,-11,Water
45,-9,Water
45,-7,Water
45,-5,Water
45,-3,Water
45,-1,Land
45,1,Land
45,3,Land
45,5,Land
45,7,Land
45,9,Land
45,11,Land
45,13,Water
45,15,Land
45,17,Land
45,19,Land
45,21,Land
45,23,Land
45,25,Land
45,27,Land
45,29,Water
45,31,Water
45,33,Water
45,35,Land
45,37,Water
45,39,Land
45,41,Land
45,43,Land
45,45,Land
45,47,Land
45,49,Water
45,51,Water
45,53,Land
45,55,Land
45,57,Land
45,59,Water
45,61,Water
45,63,Land
45,65,Land
45,67,Land
45,69,Land
45,71,Land
45,73,Land
45,75,Land
45,77,Land
45,79,Land
45,81,Land
45,83,Land
45,85,Land
45,87,Land
45,89,Land
45,91,Land
45,93,Land
45,95,Land
45,97,Land
45,99,Land
45,101,Land
45,103,Land
45,105,Land
45,107,Land
45,109,Land
45,111,Land
45,113,Land
45,115,Land
45,117,Land
45,119,Land
45,121,Land
45,123,Land
45,125,Land
45,127,Land
45,129,Land
45,131,Land
45,133,Land
45,135,Land
45,137,Water
45,139,Water
45,141,Water
45,143,Water
45,145,Water
45,147,Water
45,149,Water
45,151,Water
45,153,Water
45,155,Water
45,157,Water
45,159,Water
45,161,Water
45,163,Water
45,165,Water
45,167,Water
45,169,Water
45,171,Water
45,173,Water
45,175,Water
45,177,Water
45,179,Water
47,-179,Water
47,-177,Water
47,-175,Water
47,-173,Water
47,-171,Water
47,-169,Water
47,-167,Water
47,-165,Water
47,-163,Water
47,-161,Water
47,-159,Water
47,-157,Water
47,-155,Water
47,-153,Water
47,-151,Water
47,-149,Water
47,-147,Water
47,-145,Water
47,-143,Water
47,-141,Water
47,-139,Water
47,-137,Water
47,-135,Water
47,-133,Water
47,-131,Water
47,-129,Water
47,-127,Water
47,-125,Water
47,-123,Land
47,-121,Land
47,-119,Land
47,-117,Land
47,-115,Land
47,-113,Land
47,-111,Land
47,-109,Land
47,-107,Land
47,-105,Land
47,-103,Land
47,-101,Land
47,-99,Land
47,-97,Land
47,-95,Land
47,-93,Land
47,-91,Water
47,-89,Land
47,-87,Water
47,-85,Water
47,-83,Land
47,-81,Land
47,-79,Water
47,-77,Land
47,-75,Land
47,-73,Land
47,-71,Land
47,-69,Land
47,-67,Land
47,-65,Land
47,-63,Water
47,-61,Water
47,-59,Water
47,-57,Water
47,-55,Water
47,-53,Land
47,-51,Water
47,-49,Water
47,-47,Water
47,-45,Water
47,-43,Water
47,-41,Water
47,-39,Water
47,-37,Water
47,-35,Water
47,-33,Water
47,-31,Water
47,-29,Water
47,-27,Water
47,-25,Water
47,-23,Water
47,-21,Water
47,-19,Water
47,-17,Water
47,-15,Water
47,-13,Water
47,-11,Water
47,-9,Water
47,-7,Water
47,-5,Water
47,-3,Water
47,-1,Land
47,1,Land
47,3,Land
47,5,Land
47,7,Water
47,9,Land
47,11,Land
47,13,Land
47,15,Land
47,17,Land
47,19,Land
47,21,Land
47,23,Land
47,25,Land
47,27,Land
47,29,Land
47,31,Land
47,33,Land
47,35,Land
47,37,Land
47,39,Water
47,41,Land
47,43,Land
47,45,Land
47,47,Land
47,49,Land
47,51,Water
47,53,Land
47,55,Land
47,57,Land
47,59,Land
47,61,Land
47,63,Land
47,65,Land
47,67,Land
47,69,Land
47,71,Land
47,73,Land
47,75,Land
47,77,Land
47,79,Land
47,81,Land
47,83,Land
47,85,Land
47,87,Land
47,89,Land
47,91,Land
47,93,Land
47,95,Land
47,97,Land
47,99,Land
47,101,Land
47,103,Land
47,105,Land
47,107,Land
47,109,Land
47,111,Land
47,113,Land
47,115,Land
47,117,Land
47,119,Land
47,121,Land
47,123,Land
47,125,Land
47,127,Land
47,129,Land
47,131,Land
47,133,Land
47,135,Land
47,137,Land
47,139,Water
47,141,Water
47,143,Land
47,145,Water
47,147,Water
47,149,Water
47,151,Water
47,153,Water
47,155,Water
47,157,Water
47,159,Water
47,161,Water
47,163,Water
47,165,Water
47,167,Water
47,169,Water
47,171,Water
47,173,Water
47,175,Water
47,177,Water
47,179,Water
49,-179,Water
49,-177,Water
49,-175,Water
49,-173,Water
49,-171,Water
49,-169,Water
49,-167,Water
49,-165,Water
49,-163,Water
49,-161,Water
49,-159,Water
49,-157,Water
49,-155,Water
49,-153,Water
49,-151,Water
49,-149,Water
49,-147,Water
49,-145,Water
49,-143,Water
49,-141,Water
49,-139,Water
49,-137,Water
49,-135,Water
49,-133,Water
49,-131,Water
49,-129,Water
49,-127,Water
49,-125,Land
49,-123,Water
49,-121,Land
49,-119,Land
49,-117,Land
49,-115,Land
49,-113,Land
49,-111,Land
49,-109,Land
49,-107,Land
49,-105,Land
49,-103,Land
49,-101,Land
49,-99,Land
49,-97,Land
49,-95,Water
49,-93,Land
49,-91,Land
49,-89,Land
49,-87,Land
49,-85,Land
49,-83,Land
49,-81,Land
49,-79,Land
49,-77,Land
49,-75,Land
49,-73,Land
49,-71,Land
49,-69,Land
49,-67,Water
49,-65,Land
49,-63,Water
49,-61,Water
49,-59,Water
49,-57,Land
49,-55,Land
49,-53,Water
49,-51,Water
49,-49,Water
49,-47,Water
49,-45,Water
49,-43,Water
49,-41,Water
49,-39,Water
49,-37,Water
49,-35,Water
49,-33,Water
49,-31,Water
49,-29,Water
49,-27,Water
49,-25,Water
49,-23,Water
49,-21,Water
49,-19,Water
49,-17,Water
49,-15,Water
49,-13,Water
49,-11,Water
49,-9,Water
49,-7,Water
49,-5,Water
49,-3,Water
49,-1,Land
49,1,Land
49,3,Land
49,5,Land
49,7,Land
49,9,Land
49,11,Land
49,13,Land
49,15,Land
49,17,Land
49,19,Land
49,21,Land
49,23,Land
49,25,Land
49,27,Land
49,29,Land
49,31,Land
49,33,Land
49,35,Land
49,37,Land
49,39,Land
49,41,Land
49,43,Land
49,45,Land
49,47,Land
49,49,Land
49,51,Land
49,53,Land
49,55,Land
49,57,Land
49,59,Land
49,61,Land
49,63,Land
49,65,Land
49,67,Land
49,69,Land
49,71,Land
49,73,Land
49,75,Land
49,77,Land
49,79,Land
49,81,Land
49,83,Land
49,85,Land
49,87,Land
49,89,Land
49,91,Land
49,93,Land
49,95,Land
49,97,Land
49,99,Land
49,101,Land
49,103,Land
49,105,Land
49,107,Land
49,109,Land
49,111,Land
49,113,Land
49,115,Land
49,117,Land
49,119,Land
49,121,Land
49,123,Land
49,125,Land
49,127,Land
49,129,Land
49,131,Land
49,133,Land
49,135,Land
49,137,Land
49,139,Land
49,141,Water
49,143,Water
49,145,Water
49,147,Water
49,149,Water
49,151,Water
49,153,Water
49,155,Water
49,157,Water
49,159,Water
49,161,Water
49,163,Water
49,165,Water
49,167,Water
49,169,Water
49,171,Water
49,173,Water
49,175,Water
49,177,Water
49,179,Water
51,-179,Water
51,-177,Water
51,-175,Water
51,-173,Water
51,-171,Water
51,-169,Water
51,-167,Water
51,-165,Water
51,-163,Water
51,-161,Water
51,-159,Water
51,-157,Water
51,-155,Water
51,-153,Water
51,-151,Water
51,-149,Water
51,-147,Water
51,-145,Water
51,-143,Water
51,-141,Water
51,-139,Water
51,-137,Water
51,-135,Water
51,-133,Water
51,-131,Water
51,-129,Water
51,-127,Land
51,-125,Land
51,-123,Land
51,-121,Land
51,-119,Water
51,-117,Land
51,-115,Land
51,-113,Land
51,-111,Land
51,-109,Land
51,-107,Land
51,-105,Land
51,-103,Land
51,-101,Land
51,-99,Land
51,-97,Land
51,-95,Land
51,-93,Land
51,-91,Water
51,-89,Land
51,-87,Land
51,-85,Land
51,-83,Land
51,-81,Land
51,-79,Land
51,-77,Water
51,-75,Land
51,-73,Land
51,-71,Land
51,-69,Land
51,-67,Land
51,-65,Land
51,-63,Land
51,-61,Land
51,-59,Land
51,-57,Land
51,-55,Water
51,-53,Water
51,-51,Water
51,-49,Water
51,-47,Water
51,-45,Water
51,-43,Water
51,-41,Water
51,-39,Water
51,-37,Water
51,-35,Water
51,-33,Water
51,-31,Water
51,-29,Water
51,-27,Water
51,-25,Water
51,-23,Water
51,-21,Water
51,-19,Water
51,-17,Water
51,-15,Water
51,-13,Water
51,-11,Water
51,-9,Water
51,-7,Water
51,-5,Water
51,-3,Land
51,-1,Land
51,1,Water
51,3,Land
51,5,Land
51,7,Land
51,9,Land
51,11,Land
51,13,Land
51,15,Land
51,17,Land
51,19,Land
51,21,Land
51,23,Land
51,25,Land
51,27,Land
51,29,Land
51,31,Land
51,33,Land
51,35,Land
51,37,Land
51,39,Land
51,41,Land
51,43,Land
51,45,Land
51,47,Land
51,49,Land
51,51,Land
51,53,Land
51,55,Land
51,57,Land
51,59,Land
51,61,Land
51,63,Land
51,65,Land
51,67,Land
51,69,Land
51,71,Land
51,73,Land
51,75,Land
51,77,Land
51,79,Land
51,81,Land
51,83,Land
51,85,Land
51,87,Land
51,89,Land
51,91,Land
51,93,Land
51,95,Land
51,97,Land
51,99,Land
51,101,Land
51,103,Land
51,105,Land
51,107,Land
51,109,Land
51,111,Land
51,113,Land
51,115,Land
51,117,Land
51,119,Land
51,121,Land
51,123,Land
51,125,Land
51,127,Land
51,129,Land
51,131,Land
51,133,Land
51,135,Land
51,137,Land
51,139,Land
51,141,Water
51,143,Land
51,145,Water
51,147,Water
51,149,Water
51,151,Water
51,153,Water
51,155,Water
51,157,Water
51,159,Water
51,161,Water
51,163,Water
51,165,Water
51,167,Water
51,169,Water
51,171,Water
51,173,Water
51,175,Water
51,177,Water
51,179,Water
53,-179,Water
53,-177,Water
53,-175,Water
53,-173,Water
53,-171,Water
53,-169,Water
53,-167,Water
53,-165,Water
53,-163,Water
53,-161,Water
53,-159,Water
53,-157,Water
53,-155,Water
53,-153,Water
53,-151,Water
53,-149,Water
53,-147,Water
53,-145,Water
53,-143,Water
53,-141,Water
53,-139,Water
53,-137,Water
53,-135,Water
53,-133,Water
53,-131,Water
53,-129,Land
53,-127,Land
53,-125,Land
53,-123,Land
53,-121,Land
53,-119,Land
53,-117,Land
53,-115,Land
53,-113,Land
53,-111,Land
53,-109,Land
53,-107,Land
53,-105,Land
53,-103,Land
53,-101,Land
53,-99,Land
53,-97,Land
53,-95,Land
53,-93,Water
53,-91,Land
53,-89,Land
53,-87,Land
53,-85,Land
53,-83,Land
53,-81,Land
53,-79,Water
53,-77,Land
53,-75,Land
53,-73,Land
53,-71,Land
53,-69,Land
53,-67,Land
53,-65,Land
53,-63,Land
53,-61,Land
53,-59,Land
53,-57,Land
53,-55,Water
53,-53,Water
53,-51,Water
53,-49,Water
53,-47,Water
53,-45,Water
53,-43,Water
53,-41,Water
53,-39,Water
53,-37,Water
53,-35,Water
53,-33,Water
53,-31,Water
53,-29,Water
53,-27,Water
53,-25,Water
53,-23,Water
53,-21,Water
53,-19,Water
53,-17,Water
53,-15,Water
53,-13,Water
53,-11,Water
53,-9,Land
53,-7,Land
53,-5,Water
53,-3,Land
53,-1,Land
53,1,Water
53,3,Water
53,5,Water
53,7,Land
53,9,Land
53,11,Land
53,13,Land
53,15,Land
53,17,Land
53,19,Land
53,21,Land
53,23,Land
53,25,Land
53,27,Land
53,29,Land
53,31,Land
53,33,Land
53,35,Land
53,37,Land
53,39,Land
53,41,Land
53,43,Land
53,45,Land
53,47,Land
53,49,Land
53,51,Land
53,53,Land
53,55,Land
53,57,Land
53,59,Land
53,61,Land
53,63,Land
53,65,Land
53,67,Land
53,69,Land
53,71,Land
53,73,Land
53,75,Land
53,77,Land
53,79,Land
53,81,Land
53,83,Land
53,85,Land
53,87,Land
53,89,Land
53,91,Land
53,93,Land
53,95,Land
53,97,Land
53,99,Land
53,101,Land
53,103,Land
53,105,Land
53,107,Water
53,109,Land
53,111,Land
53,113,Land
53,115,Land
53,117,Land
53,119,Land
53,121,Land
53,123,Land
53,125,Land
53,127,Land
53,129,Land
53,131,Land
53,133,Land
53,135,Land
53,137,Land
53,139,Land
53,141,Water
53,143,Land
53,145,Water
53,147,Water
53,149,Water
53,151,Water
53,153,Water
53,155,Water
53,157,Land
53,159,Water
53,161,Water
53,163,Water
53,165,Water
53,167,Water
53,169,Water
53,171,Water
53,173,Water
53,175,Water
53,177,Water
53,179,Water
55,-179,Water
55,-177,Water
55,-175,Water
55,-173,Water
55,-171,Water
55,-169,Water
55,-167,Water
55,-165,Water
55,-163,Water
55,-161,Water
55,-159,Water
55,-157,Water
55,-155,Water
55,-153,Water
55,-151,Water
55,-149,Water
55,-147,Water
55,-145,Water
55,-143,Water
55,-141,Water
55,-139,Water
55,-137,Water
55,-135,Water
55,-133,Land
55,-131,Land
55,-129,Land
55,-127,Land
55,-125,Land
55,-123,Land
55,-121,Land
55,-119,Land
55,-117,Land
55,-115,Land
55,-113,Land
55,-111,Land
55,-109,Land
55,-107,Land
55,-105,Water
55,-103,Land
55,-101,Land
55,-99,Land
55,-97,Land
55,-95,Land
55,-93,Land
55,-91,Land
55,-89,Land
55,-87,Land
55,-85,Land
55,-83,Land
55,-81,Water
55,-79,Water
55,-77,Land
55,-75,Land
55,-73,Water
55,-71,Land
55,-69,Land
55,-67,Land
55,-65,Land
55,-63,Land
55,-61,Land
55,-59,Land
55,-57,Water
55,-55,Water
55,-53,Water
55,-51,Water
55,-49,Water
55,-47,Water
55,-45,Water
55,-43,Water
55,-41,Water
55,-39,Water
55,-37,Water
55,-35,Water
55,-33,Water
55,-31,Water
55,-29,Water
55,-27,Water
55,-25,Water
55,-23,Water
55,-21,Water
55,-19,Water
55,-17,Water
55,-15,Water
55,-13,Water
55,-11,Water
55,-9,Water
55,-7,Land
55,-5,Land
55,-3,Land
55,-1,Water
55,1,Water
55,3,Water
55,5,Water
55,7,Water
55,9,Land
55,11,Water
55,13,Water
55,15,Land
55,17,Water
55,19,Water
55,21,Water
55,23,Land
55,25,Land
55,27,Land
55,29,Land
55,31,Land
55,33,Land
55,35,Land
55,37,Land
55,39,Land
55,41,Land
55,43,Land
55,45,Land
55,47,Land
55,49,Water
55,51,Land
55,53,Land
55,55,Land
55,57,Land
55,59,Land
55,61,Land
55,63,Land
55,65,Land
55,67,Land
55,69,Land
55,71,Land
55,73,Land
55,75,Land
55,77,Land
55,79,Land
55,81,Land
55,83,Land
55,85,Land
55,87,Land
55,89,Land
55,91,Land
55,93,Land
55,95,Land
55,97,Land
55,99,Land
55,101,Land
55,103,Land
55,105,Land
55,107,Land
55,109,Water
55,111,Land
55,113,Land
55,115,Land
55,117,Land
55,119,Land
55,121,Land
55,123,Land
55,125,Land
55,127,Land
55,129,Land
55,131,Land
55,133,Land
55,135,Land
55,137,Land
55,139,Water
55,141,Water
55,143,Water
55,145,Water
55,147,Water
55,149,Water
55,151,Water
55,153,Water
55,155,Water
55,157,Land
55,159,Land
55,161,Land
55,163,Water
55,165,Water
55,167,Water
55,169,Water
55,171,Water
55,173,Water
55,175,Water
55,177,Water
55,179,Water
57,-179,Water
57,-177,Water
57,-175,Water
57,-173,Water
57,-171,Water
57,-169,Water
57,-167,Water
57,-165,Water
57,-163,Water
57,-161,Water
57,-159,Water
57,-157,Land
57,-155,Water
57,-153,Water
57,-151,Water
57,-149,Water
57,-147,Water
57,-145,Water
57,-143,Water
57,-141,Water
57,-139,Water
57,-137,Water
57,-135,Land
57,-133,Water
57,-131,Land
57,-129,Land
57,-127,Land
57,-125,Land
57,-123,Land
57,-121,Land
57,-119,Land
57,-117,Land
57,-115,Land
57,-113,Land
57,-111,Land
57,-109,Land
57,-107,Land
57,-105,Land
57,-103,Land
57,-101,Land
57,-99,Land
57,-97,Land
57,-95,Land
57,-93,Land
57,-91,Land
57,-89,Water
57,-87,Water
57,-85,Water
57,-83,Water
57,-81,Water
57,-79,Water
57,-77,Water
57,-75,Land
57,-73,Land
57,-71,Land
57,-69,Land
57,-67,Land
57,-65,Land
57,-63,Land
57,-61,Water
57,-59,Water
57,-57,Water
57,-55,Water
57,-53,Water
57,-51,Water
57,-49,Water
57,-47,Water
57,-45,Water
57,-43,Water
57,-41,Water
57,-39,Water
57,-37,Water
57,-35,Water
57,-33,Water
57,-31,Water
57,-29,Water
57,-27,Water
57,-25,Water
57,-23,Water
57,-21,Water
57,-19,Water
57,-17,Water
57,-15,Water
57,-13,Water
57,-11,Water
57,-9,Water
57,-7,Water
57,-5,Land
57,-3,Land
57,-1,Water
57,1,Water
57,3,Water
57,5,Water
57,7,Water
57,9,Water
57,11,Water
57,13,Land
57,15,Land
57,17,Water
57,19,Water
57,21,Water
57,23,Land
57,25,Land
57,27,Land
57,29,Land
57,31,Land
57,33,Land
57,35,Land
57,37,Land
57,39,Land
57,41,Land
57,43,Land
57,45,Land
57,47,Land
57,49,Land
57,51,Land
57,53,Land
57,55,Land
57,57,Land
57,59,Land
57,61,Land
57,63,Land
57,65,Land
57,67,Land
57,69,Land
57,71,Land
57,73,Land
57,75,Land
57,77,Land
57,79,Land
57,81,Land
57,83,Land
57,85,Land
57,87,Land
57,89,Land
57,91,Land
57,93,Land
57,95,Land
57,97,Land
57,99,Land
57,101,Land
57,103,Land
57,105,Land
57,107,Land
57,109,Land
57,111,Land
57,113,Land
57,115,Land
57,117,Land
57,119,Land
57,121,Land
57,123,Land
57,125,Land
57,127,Land
57,129,Land
57,131,Land
57,133,Land
57,135,Land
57,137,Land
57,139,Water
57,141,Water
57,143,Water
57,145,Water
57,147,Water
57,149,Water
57,151,Water
57,153,Water
57,155,Water
57,157,Land
57,159,Land
57,161,Land
57,163,Water
57,165,Water
57,167,Water
57,169,Water
57,171,Water
57,173,Water
57,175,Water
57,177,Water
57,179,Water
59,-179,Water
59,-177,Water
59,-175,Water
59,-173,Water
59,-171,Water
59,-169,Water
59,-167,Water
59,-165,Water
59,-163,Water
59,-161,Land
59,-159,Land
59,-157,Land
59,-155,Land
59,-153,Water
59,-151,Water
59,-149,Water
59,-147,Water
59,-145,Water
59,-143,Water
59,-141,Water
59,-139,Water
59,-137,Land
59,-135,Land
59,-133,Land
59,-131,Land
59,-129,Land
59,-127,Land
59,-125,Land
59,-123,Land
59,-121,Land
59,-119,Land
59,-117,Land
59,-115,Land
59,-113,Land
59,-111,Land
59,-109,Land
59,-107,Land
59,-105,Land
59,-103,Land
59,-101,Land
59,-99,Land
59,-97,Land
59,-95,Land
59,-93,Water
59,-91,Water
59,-89,Water
59,-87,Water
59,-85,Water
59,-83,Water
59,-81,Water
59,-79,Water
59,-77,Land
59,-75,Land
59,-73,Land
59,-71,Land
59,-69,Land
59,-67,Water
59,-65,Land
59,-63,Water
59,-61,Water
59,-59,Water
59,-57,Water
59,-55,Water
59,-53,Water
59,-51,Water
59,-49,Water
59,-47,Water
59,-45,Water
59,-43,Water
59,-41,Water
59,-39,Water
59,-37,Water
59,-35,Water
59,-33,Water
59,-31,Water
59,-29,Water
59,-27,Water
59,-25,Water
59,-23,Water
59,-21,Water
59,-19,Water
59,-17,Water
59,-15,Water
59,-13,Water
59,-11,Water
59,-9,Water
59,-7,Water
59,-5,Water
59,-3,Land
59,-1,Water
59,1,Water
59,3,Water
59,5,Water
59,7,Land
59,9,Land
59,11,Water
59,13,Water
59,15,Land
59,17,Land
59,19,Water
59,21,Water
59,23,Water
59,25,Land
59,27,Land
59,29,Land
59,31,Land
59,33,Land
59,35,Land
59,37,Land
59,39,Land
59,41,Land
59,43,Land
59,45,Land
59,47,Land
59,49,Land
59,51,Land
59,53,Land
59,55,Land
59,57,Land
59,59,Land
59,61,Land
59,63,Land
59,65,Land
59,67,Land
59,69,Land
59,71,Land
59,73,Land
59,75,Land
59,77,Land
59,79,Land
59,81,Land
59,83,Land
59,85,Land
59,87,Land
59,89,Land
59,91,Land
59,93,Land
59,95,Land
59,97,Land
59,99,Land
59,101,Land
59,103,Land
59,105,Land
59,107,Land
59,109,Land
59,111,Land
59,113,Land
59,115,Land
59,117,Land
59,119,Land
59,121,Land
59,123,Land
59,125,Land
59,127,Land
59,129,Land
59,131,Land
59,133,Land
59,135,Land
59,137,Land
59,139,Land
59,141,Land
59,143,Water
59,145,Water
59,147,Water
59,149,Water
59,151,Water
59,153,Water
59,155,Water
59,157,Water
59,159,Water
59,161,Land
59,163,Land
59,165,Water
59,167,Water
59,169,Water
59,171,Water
59,173,Water
59,175,Water
59,177,Water
59,179,Water
61,-179,Water
61,-177,Water
61,-175,Water
61,-173,Water
61,-171,Water
61,-169,Water
61,-167,Water
61,-165,Land
61,-163,Land
61,-161,Land
61,-159,Land
61,-157,Land
61,-155,Land
61,-153,Land
61,-151,Water
61,-149,Land
61,-147,Water
61,-145,Land
61,-143,Land
61,-141,Land
61,-139,Land
61,-137,Land
61,-135,Land
61,-133,Land
61,-131,Land
61,-129,Land
61,-127,Land
61,-125,Land
61,-123,Land
61,-121,Land
61,-119,Land
61,-117,Land
61,-115,Water
61,-113,Land
61,-111,Land
61,-109,Land
61,-107,Land
61,-105,Land
61,-103,Land
61,-101,Land
61,-99,Land
61,-97,Land
61,-95,Land
61,-93,Water
61,-91,Water
61,-89,Water
61,-87,Water
61,-85,Water
61,-83,Water
61,-81,Water
61,-79,Water
61,-77,Land
61,-75,Land
61,-73,Land
61,-71,Land
61,-69,Water
61,-67,Water
61,-65,Water
61,-63,Water
61,-61,Water
61,-59,Water
61,-57,Water
61,-55,Water
61,-53,Water
61,-51,Water
61,-49,Water
61,-47,Land
61,-45,Land
61,-43,Land
61,-41,Water
61,-39,Water
61,-37,Water
61,-35,Water
61,-33,Water
61,-31,Water
61,-29,Water
61,-27,Water
61,-25,Water
61,-23,Water
61,-21,Water
61,-19,Water
61,-17,Water
61,-15,Water
61,-13,Water
61,-11,Water
61,-9,Water
61,-7,Water
61,-5,Water
61,-3,Water
61,-1,Water
61,1,Water
61,3,Water
61,5,Land
61,7,Land
61,9,Land
61,11,Land
61,13,Land
61,15,Land
61,17,Land
61,19,Water
61,21,Water
61,23,Land
61,25,Land
61,27,Land
61,29,Land
61,31,Water
61,33,Land
61,35,Land
61,37,Land
61,39,Land
61,41,Land
61,43,Land
61,45,Land
61,47,Land
61,49,Land
61,51,Land
61,53,Land
61,55,Land
61,57,Land
61,59,Land
61,61,Land
61,63,Land
61,65,Land
61,67,Land
61,69,Water
61,71,Land
61,73,Land
61,75,Land
61,77,Land
61,79,Land
61,81,Land
61,83,Land
61,85,Land
61,87,Land
61,89,Land
61,91,Land
61,93,Land
61,95,Land
61,97,Land
61,99,Land
61,101,Land
61,103,Land
61,105,Land
61,107,Land
61,109,Land
61,111,Land
61,113,Land
61,115,Land
61,117,Land
61,119,Land
61,121,Land
61,123,Land
61,125,Land
61,127,Land
61,129,Land
61,131,Land
61,133,Land
61,135,Land
61,137,Land
61,139,Land
61,141,Land
61,143,Land
61,145,Land
61,147,Land
61,149,Land
61,151,Land
61,153,Land
61,155,Land
61,157,Water
61,159,Water
61,161,Land
61,163,Water
61,165,Land
61,167,Land
61,169,Land
61,171,Land
61,173,Water
61,175,Water
61,177,Water
61,179,Water
63,-179,Water
63,-177,Water
63,-175,Water
63,-173,Water
63,-171,Water
63,-169,Water
63,-167,Water
63,-165,Water
63,-163,Land
63,-161,Land
63,-159,Land
63,-157,Land
63,-155,Land
63,-153,Land
63,-151,Land
63,-149,Land
63,-147,Land
63,-145,Land
63,-143,Land
63,-141,Land
63,-139,Land
63,-137,Land
63,-135,Land
63,-133,Land
63,-131,Land
63,-129,Land
63,-127,Land
63,-125,Land
63,-123,Land
63,-121,Land
63,-119,Land
63,-117,Land
63,-115,Land
63,-113,Land
63,-111,Land
63,-109,Land
63,-107,Land
63,-105,Land
63,-103,Land
63,-101,Water
63,-99,Land
63,-97,Land
63,-95,Land
63,-93,Land
63,-91,Land
63,-89,Water
63,-87,Water
63,-85,Water
63,-83,Water
63,-81,Water
63,-79,Water
63,-77,Water
63,-75,Water
63,-73,Water
63,-71,Land
63,-69,Land
63,-67,Water
63,-65,Land
63,-63,Water
63,-61,Water
63,-59,Water
63,-57,Water
63,-55,Water
63,-53,Water
63,-51,Water
63,-49,Land
63,-47,Land
63,-45,Land
63,-43,Land
63,-41,Water
63,-39,Water
63,-37,Water
63,-35,Water
63,-33,Water
63,-31,Water
63,-29,Water
63,-27,Water
63,-25,Water
63,-23,Water
63,-21,Water
63,-19,Water
63,-17,Water
63,-15,Water
63,-13,Water
63,-11,Water
63,-9,Water
63,-7,Water
63,-5,Water
63,-3,Water
63,-1,Water
63,1,Water
63,3,Water
63,5,Water
63,7,Water
63,9,Land
63,11,Land
63,13,Land
63,15,Land
63,17,Land
63,19,Water
63,21,Water
63,23,Land
63,25,Land
63,27,Land
63,29,Land
63,31,Land
63,33,Land
63,35,Land
63,37,Land
63,39,Land
63,41,Land
63,43,Land
63,45,Land
63,47,Land
63,49,Land
63,51,Land
63,53,Land
63,55,Land
63,57,Land
63,59,Land
63,61,Land
63,63,Land
63,65,Land
63,67,Land
63,69,Land
63,71,Land
63,73,Land
63,75,Land
63,77,Land
63,79,Land
63,81,Land
63,83,Land
63,85,Land
63,87,Land
63,89,Land
63,91,Land
63,93,Land
63,95,Land
63,97,Land
63,99,Land
63,101,Land
63,103,Land
63,105,Land
63,107,Land
63,109,Land
63,111,Land
63,113,Land
63,115,Land
63,117,Land
63,119,Land
63,121,Land
63,123,Land
63,125,Land
63,127,Land
63,129,Land
63,131,Land
63,133,Land
63,135,Land
63,137,Land
63,139,Land
63,141,Land
63,143,Land
63,145,Land
63,147,Land
63,149,Land
63,151,Land
63,153,Land
63,155,Land
63,157,Land
63,159,Land
63,161,Land
63,163,Land
63,165,Land
63,167,Land
63,169,Land
63,171,Land
63,173,Land
63,175,Land
63,177,Land
63,179,Land
65,-179,Water
65,-177,Water
65,-175,Land
65,-173,Land
65,-171,Water
65,-169,Water
65,-167,Water
65,-165,Land
65,-163,Land
65,-161,Land
65,-159,Land
65,-157,Land
65,-155,Land
65,-153,Land
65,-151,Land
65,-149,Land
65,-147,Land
65,-145,Land
65,-143,Land
65,-141,Land
65,-139,Land
65,-137,Land
65,-135,Land
65,-133,Land
65,-131,Land
65,-129,Land
65,-127,Land
65,-125,Land
65,-123,Land
65,-121,Water
65,-119,Land
65,-117,Land
65,-115,Land
65,-113,Land
65,-111,Land
65,-109,Land
65,-107,Land
65,-105,Land
65,-103,Water
65,-101,Land
65,-99,Land
65,-97,Land
65,-95,Land
65,-93,Land
65,-91,Land
65,-89,Land
65,-87,Water
65,-85,Land
65,-83,Water
65,-81,Water
65,-79,Water
65,-77,Land
65,-75,Land
65,-73,Land
65,-71,Water
65,-69,Land
65,-67,Land
65,-65,Water
65,-63,Water
65,-61,Water
65,-59,Water
65,-57,Water
65,-55,Water
65,-53,Water
65,-51,Land
65,-49,Land
65,-47,Land
65,-45,Land
65,-43,Land
65,-41,Land
65,-39,Water
65,-37,Water
65,-35,Water
65,-33,Water
65,-31,Water
65,-29,Water
65,-27,Water
65,-25,Water
65,-23,Land
65,-21,Land
65,-19,Land
65,-17,Land
65,-15,Land
65,-13,Water
65,-11,Water
65,-9,Water
65,-7,Water
65,-5,Water
65,-3,Water
65,-1,Water
65,1,Water
65,3,Water
65,5,Water
65,7,Water
65,9,Water
65,11,Water
65,13,Land
65,15,Land
65,17,Land
65,19,Land
65,21,Land
65,23,Water
65,25,Water
65,27,Land
65,29,Land
65,31,Land
65,33,Land
65,35,Water
65,37,Land
65,39,Water
65,41,Land
65,43,Land
65,45,Land
65,47,Land
65,49,Land
65,51,Land
65,53,Land
65,55,Land
65,57,Land
65,59,Land
65,61,Land
65,63,Land
65,65,Land
65,67,Land
65,69,Land
65,71,Land
65,73,Land
65,75,Land
65,77,Land
65,79,Land
65,81,Land
65,83,Land
65,85,Land
65,87,Land
65,89,Land
65,91,Land
65,93,Land
65,95,Land
65,97,Land
65,99,Land
65,101,Land
65,103,Land
65,105,Land
65,107,Land
65,109,Land
65,111,Land
65,113,Land
65,115,Land
65,117,Land
65,119,Land
65,121,Land
65,123,Land
65,125,Land
65,127,Land
65,129,Land
65,131,Land
65,133,Land
65,135,Land
65,137,Land
65,139,Land
65,141,Land
65,143,Land
65,145,Land
65,147,Land
65,149,Land
65,151,Land
65,153,Land
65,155,Land
65,157,Land
65,159,Land
65,161,Land
65,163,Land
65,165,Land
65,167,Land
65,169,Land
65,171,Land
65,173,Land
65,175,Land
65,177,Land
65,179,Land
67,-179,Land
67,-177,Land
67,-175,Land
67,-173,Land
67,-171,Water
67,-169,Water
67,-167,Water
67,-165,Water
67,-163,Water
67,-161,Land
67,-159,Land
67,-157,Land
67,-155,Land
67,-153,Land
67,-151,Land
67,-149,Land
67,-147,Land
67,-145,Land
67,-143,Land
67,-141,Land
67,-139,Land
67,-137,Land
67,-135,Land
67,-133,Land
67,-131,Land
67,-129,Land
67,-127,Land
67,-125,Land
67,-123,Land
67,-121,Land
67,-119,Land
67,-117,Land
67,-115,Land
67,-113,Land
67,-111,Land
67,-109,Land
67,-107,Land
67,-105,Land
67,-103,Land
67,-101,Land
67,-99,Land
67,-97,Land
67,-95,Land
67,-93,Land
67,-91,Land
67,-89,Land
67,-87,Land
67,-85,Land
67,-83,Land
67,-81,Water
67,-79,Water
67,-77,Water
67,-75,Water
67,-73,Water
67,-71,Land
67,-69,Land
67,-67,Land
67,-65,Land
67,-63,Water
67,-61,Water
67,-59,Water
67,-57,Water
67,-55,Water
67,-53,Land
67,-51,Land
67,-49,Land
67,-47,Land
67,-45,Land
67,-43,Land
67,-41,Land
67,-39,Land
67,-37,Land
67,-35,Land
67,-33,Water
67,-31,Water
67,-29,Water
67,-27,Water
67,-25,Water
67,-23,Water
67,-21,Water
67,-19,Water
67,-17,Water
67,-15,Water
67,-13,Water
67,-11,Water
67,-9,Water
67,-7,Water
67,-5,Water
67,-3,Water
67,-1,Water
67,1,Water
67,3,Water
67,5,Water
67,7,Water
67,9,Water
67,11,Water
67,13,Water
67,15,Land
67,17,Land
67,19,Land
67,21,Land
67,23,Land
67,25,Land
67,27,Land
67,29,Land
67,31,Land
67,33,Land
67,35,Land
67,37,Land
67,39,Land
67,41,Land
67,43,Water
67,45,Land
67,47,Water
67,49,Land
67,51,Land
67,53,Land
67,55,Land
67,57,Land
67,59,Land
67,61,Land
67,63,Land
67,65,Land
67,67,Land
67,69,Land
67,71,Land
67,73,Water
67,75,Land
67,77,Land
67,79,Land
67,81,Land
67,83,Land
67,85,Land
67,87,Land
67,89,Land
67,91,Land
67,93,Land
67,95,Land
67,97,Land
67,99,Land
67,101,Land
67,103,Land
67,105,Land
67,107,Land
67,109,Land
67,111,Land
67,113,Land
67,115,Land
67,117,Land
67,119,Land
67,121,Land
67,123,Land
67,125,Land
67,127,Land
67,129,Land
67,131,Land
67,133,Land
67,135,Land
67,137,Land
67,139,Land
67,141,Land
67,143,Land
67,145,Land
67,147,Land
67,149,Land
67,151,Land
67,153,Land
67,155,Land
67,157,Land
67,159,Land
67,161,Land
67,163,Land
67,165,Land
67,167,Land
67,169,Land
67,171,Land
67,173,Land
67,175,Land
67,177,Land
67,179,Land
69,-179,Water
69,-177,Water
69,-175,Water
69,-173,Water
69,-171,Water
69,-169,Water
69,-167,Water
69,-165,Water
69,-163,Land
69,-161,Land
69,-159,Land
69,-157,Land
69,-155,Land
69,-153,Land
69,-151,Land
69,-149,Land
69,-147,Land
69,-145,Land
69,-143,Land
69,-141,Land
69,-139,Land
69,-137,Water
69,-135,Land
69,-133,Land
69,-131,Land
69,-129,Land
69,-127,Land
69,-125,Land
69,-123,Land
69,-121,Land
69,-119,Land
69,-117,Water
69,-115,Water
69,-113,Land
69,-111,Land
69,-109,Land
69,-107,Water
69,-105,Land
69,-103,Land
69,-101,Water
69,-99,Land
69,-97,Land
69,-95,Water
69,-93,Land
69,-91,Land
69,-89,Land
69,-87,Water
69,-85,Water
69,-83,Land
69,-81,Water
69,-79,Land
69,-77,Water
69,-75,Land
69,-73,Land
69,-71,Land
69,-69,Land
69,-67,Water
69,-65,Water
69,-63,Water
69,-61,Water
69,-59,Water
69,-57,Water
69,-55,Water
69,-53,Water
69,-51,Land
69,-49,Land
69,-47,Land
69,-45,Land
69,-43,Land
69,-41,Land
69,-39,Land
69,-37,Land
69,-35,Land
69,-33,Land
69,-31,Land
69,-29,Land
69,-27,Land
69,-25,Water
69,-23,Water
69,-21,Water
69,-19,Water
69,-17,Water
69,-15,Water
69,-13,Water
69,-11,Water
69,-9,Water
69,-7,Water
69,-5,Water
69,-3,Water
69,-1,Water
69,1,Water
69,3,Water
69,5,Water
69,7,Water
69,9,Water
69,11,Water
69,13,Water
69,15,Water
69,17,Water
69,19,Land
69,21,Land
69,23,Land
69,25,Land
69,27,Water
69,29,Land
69,31,Land
69,33,Land
69,35,Land
69,37,Water
69,39,Water
69,41,Water
69,43,Water
69,45,Water
69,47,Water
69,49,Land
69,51,Water
69,53,Water
69,55,Water
69,57,Water
69,59,Water
69,61,Land
69,63,Land
69,65,Land
69,67,Water
69,69,Land
69,71,Land
69,73,Water
69,75,Water
69,77,Land
69,79,Land
69,81,Land
69,83,Land
69,85,Land
69,87,Land
69,89,Land
69,91,Land
69,93,Land
69,95,Land
69,97,Land
69,99,Land
69,101,Land
69,103,Land
69,105,Land
69,107,Land
69,109,Land
69,111,Land
69,113,Land
69,115,Land
69,117,Land
69,119,Land
69,121,Land
69,123,Land
69,125,Land
69,127,Land
69,129,Land
69,131,Land
69,133,Land
69,135,Land
69,137,Land
69,139,Land
69,141,Land
69,143,Land
69,145,Land
69,147,Land
69,149,Land
69,151,Land
69,153,Land
69,155,Land
69,157,Land
69,159,Water
69,161,Land
69,163,Land
69,165,Land
69,167,Land
69,169,Land
69,171,Land
69,173,Land
69,175,Land
69,177,Land
69,179,Land
71,-179,Land
71,-177,Water
71,-175,Water
71,-173,Water
71,-171,Water
71,-169,Water
71,-167,Water
71,-165,Water
71,-163,Water
71,-161,Water
71,-159,Water
71,-157,Land
71,-155,Land
71,-153,Water
71,-151,Water
71,-149,Water
71,-147,Water
71,-145,Water
71,-143,Water
71,-141,Water
71,-139,Water
71,-137,Water
71,-135,Water
71,-133,Water
71,-131,Water
71,-129,Water
71,-127,Water
71,-125,Water
71,-123,Water
71,-121,Water
71,-119,Water
71,-117,Land
71,-115,Land
71,-113,Land
71,-111,Land
71,-109,Land
71,-107,Land
71,-105,Land
71,-103,Water
71,-101,Water
71,-99,Water
71,-97,Water
71,-95,Land
71,-93,Land
71,-91,Water
71,-89,Land
71,-87,Water
71,-85,Land
71,-83,Land
71,-81,Land
71,-79,Land
71,-77,Land
71,-75,Land
71,-73,Land
71,-71,Land
71,-69,Water
71,-67,Water
71,-65,Water
71,-63,Water
71,-61,Water
71,-59,Water
71,-57,Water
71,-55,Water
71,-53,Water
71,-51,Water
71,-49,Land
71,-47,Land
71,-45,Land
71,-43,Land
71,-41,Land
71,-39,Land
71,-37,Land
71,-35,Land
71,-33,Land
71,-31,Land
71,-29,Land
71,-27,Land
71,-25,Water
71,-23,Land
71,-21,Water
71,-19,Water
71,-17,Water
71,-15,Water
71,-13,Water
71,-11,Water
71,-9,Water
71,-7,Water
71,-5,Water
71,-3,Water
71,-1,Water
71,1,Water
71,3,Water
71,5,Water
71,7,Water
71,9,Water
71,11,Water
71,13,Water
71,15,Water
71,17,Water
71,19,Water
71,21,Water
71,23,Water
71,25,Land
71,27,Water
71,29,Water
71,31,Water
71,33,Water
71,35,Water
71,37,Water
71,39,Water
71,41,Water
71,43,Water
71,45,Water
71,47,Water
71,49,Water
71,51,Water
71,53,Water
71,55,Land
71,57,Water
71,59,Water
71,61,Water
71,63,Water
71,65,Water
71,67,Land
71,69,Land
71,71,Land
71,73,Water
71,75,Land
71,77,Land
71,79,Land
71,81,Land
71,83,Water
71,85,Land
71,87,Land
71,89,Land
71,91,Land
71,93,Land
71,95,Land
71,97,Land
71,99,Land
71,101,Land
71,103,Land
71,105,Land
71,107,Land
71,109,Land
71,111,Land
71,113,Land
71,115,Land
71,117,Land
71,119,Land
71,121,Land
71,123,Land
71,125,Land
71,127,Land
71,129,Land
71,131,Water
71,133,Land
71,135,Land
71,137,Land
71,139,Land
71,141,Land
71,143,Land
71,145,Land
71,147,Land
71,149,Land
71,151,Land
71,153,Water
71,155,Land
71,157,Land
71,159,Water
71,161,Water
71,163,Water
71,165,Water
71,167,Water
71,169,Water
71,171,Water
71,173,Water
71,175,Water
71,177,Water
71,179,Land
73,-179,Water
73,-177,Water
73,-175,Water
73,-173,Water
73,-171,Water
73,-169,Water
73,-167,Water
73,-165,Water
73,-163,Water
73,-161,Water
73,-159,Water
73,-157,Water
73,-155,Water
73,-153,Water
73,-151,Water
73,-149,Water
73,-147,Water
73,-145,Water
73,-143,Water
73,-141,Water
73,-139,Water
73,-137,Water
73,-135,Water
73,-133,Water
73,-131,Water
73,-129,Water
73,-127,Water
73,-125,Water
73,-123,Land
73,-121,Land
73,-119,Land
73,-117,Water
73,-115,Land
73,-113,Land
73,-111,Water
73,-109,Water
73,-107,Land
73,-105,Water
73,-103,Water
73,-101,Water
73,-99,Land
73,-97,Land
73,-95,Land
73,-93,Land
73,-91,Water
73,-89,Land
73,-87,Land
73,-85,Land
73,-83,Land
73,-81,Land
73,-79,Land
73,-77,Land
73,-75,Water
73,-73,Water
73,-71,Water
73,-69,Water
73,-67,Water
73,-65,Water
73,-63,Water
73,-61,Water
73,-59,Water
73,-57,Water
73,-55,Land
73,-53,Land
73,-51,Land
73,-49,Land
73,-47,Land
73,-45,Land
73,-43,Land
73,-41,Land
73,-39,Land
73,-37,Land
73,-35,Land
73,-33,Land
73,-31,Land
73,-29,Land
73,-27,Land
73,-25,Water
73,-23,Land
73,-21,Water
73,-19,Water
73,-17,Water
73,-15,Water
73,-13,Water
73,-11,Water
73,-9,Water
73,-7,Water
73,-5,Water
73,-3,Water
73,-1,Water
73,1,Water
73,3,Water
73,5,Water
73,7,Water
73,9,Water
73,11,Water
73,13,Water
73,15,Water
73,17,Water
73,19,Water
73,21,Water
73,23,Water
73,25,Water
73,27,Water
73,29,Water
73,31,Water
73,33,Water
73,35,Water
73,37,Water
73,39,Water
73,41,Water
73,43,Water
73,45,Water
73,47,Water
73,49,Water
73,51,Water
73,53,Water
73,55,Land
73,57,Water
73,59,Water
73,61,Water
73,63,Water
73,65,Water
73,67,Water
73,69,Water
73,71,Water
73,73,Water
73,75,Water
73,77,Water
73,79,Land
73,81,Land
73,83,Land
73,85,Land
73,87,Land
73,89,Land
73,91,Land
73,93,Land
73,95,Land
73,97,Land
73,99,Land
73,101,Water
73,103,Land
73,105,Land
73,107,Land
73,109,Land
73,111,Land
73,113,Land
73,115,Land
73,117,Land
73,119,Land
73,121,Water
73,123,Water
73,125,Land
73,127,Land
73,129,Water
73,131,Water
73,133,Water
73,135,Water
73,137,Water
73,139,Water
73,141,Water
73,143,Water
73,145,Water
73,147,Water
73,149,Water
73,151,Water
73,153,Water
73,155,Water
73,157,Water
73,159,Water
73,161,Water
73,163,Water
73,165,Water
73,167,Water
73,169,Water
73,171,Water
73,173,Water
73,175,Water
73,177,Water
73,179,Water
75,-179,Water
75,-177,Water
75,-175,Water
75,-173,Water
75,-171,Water
75,-169,Water
75,-167,Water
75,-165,Water
75,-163,Water
75,-161,Water
75,-159,Water
75,-157,Water
75,-155,Water
75,-153,Water
75,-151,Water
75,-149,Water
75,-147,Water
75,-145,Water
75,-143,Water
75,-141,Water
75,-139,Water
75,-137,Water
75,-135,Water
75,-133,Water
75,-131,Water
75,-129,Water
75,-127,Water
75,-125,Water
75,-123,Water
75,-121,Water
75,-119,Water
75,-117,Water
75,-115,Land
75,-113,Water
75,-111,Land
75,-109,Land
75,-107,Land
75,-105,Water
75,-103,Water
75,-101,Water
75,-99,Water
75,-97,Water
75,-95,Land
75,-93,Water
75,-91,Land
75,-89,Land
75,-87,Land
75,-85,Land
75,-83,Land
75,-81,Land
75,-79,Water
75,-77,Water
75,-75,Water
75,-73,Water
75,-71,Water
75,-69,Water
75,-67,Water
75,-65,Water
75,-63,Water
75,-61,Water
75,-59,Water
75,-57,Land
75,-55,Land
75,-53,Land
75,-51,Land
75,-49,Land
75,-47,Land
75,-45,Land
75,-43,Land
75,-41,Land
75,-39,Land
75,-37,Land
75,-35,Land
75,-33,Land
75,-31,Land
75,-29,Land
75,-27,Land
75,-25,Land
75,-23,Land
75,-21,Land
75,-19,Water
75,-17,Water
75,-15,Water
75,-13,Water
75,-11,Water
75,-9,Water
75,-7,Water
75,-5,Water
75,-3,Water
75,-1,Water
75,1,Water
75,3,Water
75,5,Water
75,7,Water
75,9,Water
75,11,Water
75,13,Water
75,15,Water
75,17,Water
75,19,Water
75,21,Water
75,23,Water
75,25,Water
75,27,Water
75,29,Water
75,31,Water
75,33,Water
75,35,Water
75,37,Water
75,39,Water
75,41,Water
75,43,Water
75,45,Water
75,47,Water
75,49,Water
75,51,Water
75,53,Water
75,55,Water
75,57,Land
75,59,Land
75,61,Water
75,63,Water
75,65,Water
75,67,Water
75,69,Water
75,71,Water
75,73,Water
75,75,Water
75,77,Water
75,79,Water
75,81,Water
75,83,Water
75,85,Water
75,87,Water
75,89,Land
75,91,Land
75,93,Land
75,95,Land
75,97,Land
75,99,Land
75,101,Land
75,103,Land
75,105,Land
75,107,Land
75,109,Land
75,111,Land
75,113,Water
75,115,Water
75,117,Water
75,119,Water
75,121,Water
75,123,Water
75,125,Water
75,127,Water
75,129,Water
75,131,Water
75,133,Water
75,135,Water
75,137,Water
75,139,Land
75,141,Land
75,143,Land
75,145,Water
75,147,Water
75,149,Land
75,151,Water
75,153,Water
75,155,Water
75,157,Water
75,159,Water
75,161,Water
75,163,Water
75,165,Water
75,167,Water
75,169,Water
75,171,Water
75,173,Water
75,175,Water
75,177,Water
75,179,Water
77,-179,Water
77,-177,Water
77,-175,Water
77,-173,Water
77,-171,Water
77,-169,Water
77,-167,Water
77,-165,Water
77,-163,Water
77,-161,Water
77,-159,Water
77,-157,Water
77,-155,Water
77,-153,Water
77,-151,Water
77,-149,Water
77,-147,Water
77,-145,Water
77,-143,Water
77,-141,Water
77,-139,Water
77,-137,Water
77,-135,Water
77,-133,Water
77,-131,Water
77,-129,Water
77,-127,Water
77,-125,Water
77,-123,Water
77,-121,Water
77,-119,Land
77,-117,Land
77,-115,Water
77,-113,Water
77,-111,Water
77,-109,Water
77,-107,Water
77,-105,Water
77,-103,Water
77,-101,Water
77,-99,Water
77,-97,Water
77,-95,Water
77,-93,Water
77,-91,Water
77,-89,Water
77,-87,Land
77,-85,Land
77,-83,Land
77,-81,Land
77,-79,Water
77,-77,Water
77,-75,Water
77,-73,Water
77,-71,Land
77,-69,Land
77,-67,Land
77,-65,Land
77,-63,Land
77,-61,Land
77,-59,Land
77,-57,Land
77,-55,Land
77,-53,Land
77,-51,Land
77,-49,Land
77,-47,Land
77,-45,Land
77,-43,Land
77,-41,Land
77,-39,Land
77,-37,Land
77,-35,Land
77,-33,Land
77,-31,Land
77,-29,Land
77,-27,Land
77,-25,Land
77,-23,Land
77,-21,Land
77,-19,Land
77,-17,Water
77,-15,Water
77,-13,Water
77,-11,Water
77,-9,Water
77,-7,Water
77,-5,Water
77,-3,Water
77,-1,Water
77,1,Water
77,3,Water
77,5,Water
77,7,Water
77,9,Water
77,11,Water
77,13,Water
77,15,Water
77,17,Land
77,19,Water
77,21,Water
77,23,Water
77,25,Water
77,27,Water
77,29,Water
77,31,Water
77,33,Water
77,35,Water
77,37,Water
77,39,Water
77,41,Water
77,43,Water
77,45,Water
77,47,Water
77,49,Water
77,51,Water
77,53,Water
77,55,Water
77,57,Water
77,59,Water
77,61,Water
77,63,Water
77,65,Water
77,67,Water
77,69,Water
77,71,Water
77,73,Water
77,75,Water
77,77,Water
77,79,Water
77,81,Water
77,83,Water
77,85,Water
77,87,Water
77,89,Water
77,91,Water
77,93,Water
77,95,Water
77,97,Water
77,99,Water
77,101,Water
77,103,Land
77,105,Land
77,107,Land
77,109,Water
77,111,Water
77,113,Water
77,115,Water
77,117,Water
77,119,Water
77,121,Water
77,123,Water
77,125,Water
77,127,Water
77,129,Water
77,131,Water
77,133,Water
77,135,Water
77,137,Water
77,139,Water
77,141,Water
77,143,Water
77,145,Water
77,147,Water
77,149,Water
77,151,Water
77,153,Water
77,155,Water
77,157,Water
77,159,Water
77,161,Water
77,163,Water
77,165,Water
77,167,Water
77,169,Water
77,171,Water
77,173,Water
77,175,Water
77,177,Water
77,179,Water
79,-179,Water
79,-177,Water
79,-175,Water
79,-173,Water
79,-171,Water
79,-169,Water
79,-167,Water
79,-165,Water
79,-163,Water
79,-161,Water
79,-159,Water
79,-157,Water
79,-155,Water
79,-153,Water
79,-151,Water
79,-149,Water
79,-147,Water
79,-145,Water
79,-143,Water
79,-141,Water
79,-139,Water
79,-137,Water
79,-135,Water
79,-133,Water
79,-131,Water
79,-129,Water
79,-127,Water
79,-125,Water
79,-123,Water
79,-121,Water
79,-119,Water
79,-117,Water
79,-115,Water
79,-113,Water
79,-111,Water
79,-109,Water
79,-107,Water
79,-105,Water
79,-103,Land
79,-101,Water
79,-99,Water
79,-97,Water
79,-95,Water
79,-93,Land
79,-91,Land
79,-89,Land
79,-87,Land
79,-85,Water
79,-83,Land
79,-81,Land
79,-79,Land
79,-77,Land
79,-75,Water
79,-73,Water
79,-71,Water
79,-69,Land
79,-67,Land
79,-65,Land
79,-63,Land
79,-61,Land
79,-59,Land
79,-57,Land
79,-55,Land
79,-53,Land
79,-51,Land
79,-49,Land
79,-47,Land
79,-45,Land
79,-43,Land
79,-41,Land
79,-39,Land
79,-37,Land
79,-35,Land
79,-33,Land
79,-31,Land
79,-29,Land
79,-27,Land
79,-25,Land
79,-23,Land
79,-21,Land
79,-19,Water
79,-17,Water
79,-15,Water
79,-13,Water
79,-11,Water
79,-9,Water
79,-7,Water
79,-5,Water
79,-3,Water
79,-1,Water
79,1,Water
79,3,Water
79,5,Water
79,7,Water
79,9,Water
79,11,Water
79,13,Land
79,15,Land
79,17,Land
79,19,Land
79,21,Water
79,23,Water
79,25,Water
79,27,Water
79,29,Water
79,31,Water
79,33,Water
79,35,Water
79,37,Water
79,39,Water
79,41,Water
79,43,Water
79,45,Water
79,47,Water
79,49,Water
79,51,Water
79,53,Water
79,55,Water
79,57,Water
79,59,Water
79,61,Water
79,63,Water
79,65,Water
79,67,Water
79,69,Water
79,71,Water
79,73,Water
79,75,Water
79,77,Water
79,79,Water
79,81,Water
79,83,Water
79,85,Water
79,87,Water
79,89,Water
79,91,Water
79,93,Water
79,95,Water
79,97,Land
79,99,Land
79,101,Water
79,103,Land
79,105,Water
79,107,Water
79,109,Water
79,111,Water
79,113,Water
79,115,Water
79,117,Water
79,119,Water
79,121,Water
79,123,Water
79,125,Water
79,127,Water
79,129,Water
79,131,Water
79,133,Water
79,135,Water
79,137,Water
79,139,Water
79,141,Water
79,143,Water
79,145,Water
79,147,Water
79,149,Water
79,151,Water
79,153,Water
79,155,Water
79,157,Water
79,159,Water
79,161,Water
79,163,Water
79,165,Water
79,167,Water
79,169,Water
79,171,Water
79,173,Water
79,175,Water
79,177,Water
79,179,Water
81,-179,Water
81,-177,Water
81,-175,Water
81,-173,Water
81,-171,Water
81,-169,Water
81,-167,Water
81,-165,Water
81,-163,Water
81,-161,Water
81,-159,Water
81,-157,Water
81,-155,Water
81,-153,Water
81,-151,Water
81,-149,Water
81,-147,Water
81,-145,Water
81,-143,Water
81,-141,Water
81,-139,Water
81,-137,Water
81,-135,Water
81,-133,Water
81,-131,Water
81,-129,Water
81,-127,Water
81,-125,Water
81,-123,Water
81,-121,Water
81,-119,Water
81,-117,Water
81,-115,Water
81,-113,Water
81,-111,Water
81,-109,Water
81,-107,Water
81,-105,Water
81,-103,Water
81,-101,Water
81,-99,Water
81,-97,Water
81,-95,Land
81,-93,Land
81,-91,Water
81,-89,Water
81,-87,Water
81,-85,Land
81,-83,Land
81,-81,Land
81,-79,Water
81,-77,Land
81,-75,Land
81,-73,Land
81,-71,Land
81,-69,Land
81,-67,Land
81,-65,Water
81,-63,Land
81,-61,Land
81,-59,Land
81,-57,Land
81,-55,Land
81,-53,Land
81,-51,Land
81,-49,Land
81,-47,Land
81,-45,Land
81,-43,Land
81,-41,Land
81,-39,Land
81,-37,Land
81,-35,Land
81,-33,Land
81,-31,Land
81,-29,Land
81,-27,Land
81,-25,Land
81,-23,Land
81,-21,Land
81,-19,Land
81,-17,Land
81,-15,Land
81,-13,Water
81,-11,Water
81,-9,Water
81,-7,Water
81,-5,Water
81,-3,Water
81,-1,Water
81,1,Water
81,3,Water
81,5,Water
81,7,Water
81,9,Water
81,11,Water
81,13,Water
81,15,Water
81,17,Water
81,19,Water
81,21,Water
81,23,Water
81,25,Water
81,27,Water
81,29,Water
81,31,Water
81,33,Water
81,35,Water
81,37,Water
81,39,Water
81,41,Water
81,43,Water
81,45,Water
81,47,Water
81,49,Water
81,51,Water
81,53,Water
81,55,Land
81,57,Land
81,59,Water
81,61,Land
81,63,Water
81,65,Land
81,67,Water
81,69,Water
81,71,Water
81,73,Water
81,75,Water
81,77,Water
81,79,Water
81,81,Water
81,83,Water
81,85,Water
81,87,Water
81,89,Water
81,91,Water
81,93,Water
81,95,Land
81,97,Water
81,99,Water
81,101,Water
81,103,Water
81,105,Water
81,107,Water
81,109,Water
81,111,Water
81,113,Water
81,115,Water
81,117,Water
81,119,Water
81,121,Water
81,123,Water
81,125,Water
81,127,Water
81,129,Water
81,131,Water
81,133,Water
81,135,Water
81,137,Water
81,139,Water
81,141,Water
81,143,Water
81,145,Water
81,147,Water
81,149,Water
81,151,Water
81,153,Water
81,155,Water
81,157,Water
81,159,Water
81,161,Water
81,163,Water
81,165,Water
81,167,Water
81,169,Water
81,171,Water
81,173,Water
81,175,Water
81,177,Water
81,179,Water
83,-179,Water
83,-177,Water
83,-175,Water
83,-173,Water
83,-171,Water
83,-169,Water
83,-167,Water
83,-165,Water
83,-163,Water
83,-161,Water
83,-159,Water
83,-157,Water
83,-155,Water
83,-153,Water
83,-151,Water
83,-149,Water
83,-147,Water
83,-145,Water
83,-143,Water
83,-141,Water
83,-139,Water
83,-137,Water
83,-135,Water
83,-133,Water
83,-131,Water
83,-129,Water
83,-127,Water
83,-125,Water
83,-123,Water
83,-121,Water
83,-119,Water
83,-117,Water
83,-115,Water
83,-113,Water
83,-111,Water
83,-109,Water
83,-107,Water
83,-105,Water
83,-103,Water
83,-101,Water
83,-99,Water
83,-97,Water
83,-95,Water
83,-93,Water
83,-91,Water
83,-89,Water
83,-87,Water
83,-85,Water
83,-83,Water
83,-81,Water
83,-79,Water
83,-77,Land
83,-75,Land
83,-73,Land
83,-71,Land
83,-69,Land
83,-67,Water
83,-65,Water
83,-63,Water
83,-61,Water
83,-59,Water
83,-57,Water
83,-55,Water
83,-53,Water
83,-51,Water
83,-49,Water
83,-47,Land
83,-45,Land
83,-43,Land
83,-41,Land
83,-39,Land
83,-37,Land
83,-35,Land
83,-33,Land
83,-31,Land
83,-29,Land
83,-27,Land
83,-25,Water
83,-23,Water
83,-21,Water
83,-19,Water
83,-17,Water
83,-15,Water
83,-13,Water
83,-11,Water
83,-9,Water
83,-7,Water
83,-5,Water
83,-3,Water
83,-1,Water
83,1,Water
83,3,Water
83,5,Water
83,7,Water
83,9,Water
83,11,Water
83,13,Water
83,15,Water
83,17,Water
83,19,Water
83,21,Water
83,23,Water
83,25,Water
83,27,Water
83,29,Water
83,31,Water
83,33,Water
83,35,Water
83,37,Water
83,39,Water
83,41,Water
83,43,Water
83,45,Water
83,47,Water
83,49,Water
83,51,Water
83,53,Water
83,55,Water
83,57,Water
83,59,Water
83,61,Water
83,63,Water
83,65,Water
83,67,Water
83,69,Water
83,71,Water
83,73,Water
83,75,Water
83,77,Water
83,79,Water
83,81,Water
83,83,Water
83,85,Water
83,87,Water
83,89,Water
83,91,Water
83,93,Water
83,95,Water
83,97,Water
83,99,Water
83,101,Water
83,103,Water
83,105,Water
83,107,Water
83,109,Water
83,111,Water
83,113,Water
83,115,Water
83,117,Water
83,119,Water
83,121,Water
83,123,Water
83,125,Water
83,127,Water
83,129,Water
83,131,Water
83,133,Water
83,135,Water
83,137,Water
83,139,Water
83,141,Water
83,143,Water
83,145,Water
83,147,Water
83,149,Water
83,151,Water
83,153,Water
83,155,Water
83,157,Water
83,159,Water
83,161,Water
83,163,Water
83,165,Water
83,167,Water
83,169,Water
83,171,Water
83,173,Water
83,175,Water
83,177,Water
83,179,Water
85,-179,Water
85,-177,Water
85,-175,Water
85,-173,Water
85,-171,Water
85,-169,Water
85,-167,Water
85,-165,Water
85,-163,Water
85,-161,Water
85,-159,Water
85,-157,Water
85,-155,Water
85,-153,Water
85,-151,Water
85,-149,Water
85,-147,Water
85,-145,Water
85,-143,Water
85,-141,Water
85,-139,Water
85,-137,Water
85,-135,Water
85,-133,Water
85,-131,Water
85,-129,Water
85,-127,Water
85,-125,Water
85,-123,Water
85,-121,Water
85,-119,Water
85,-117,Water
85,-115,Water
85,-113,Water
85,-111,Water
85,-109,Water
85,-107,Water
85,-105,Water
85,-103,Water
85,-101,Water
85,-99,Water
85,-97,Water
85,-95,Water
85,-93,Water
85,-91,Water
85,-89,Water
85,-87,Water
85,-85,Water
85,-83,Water
85,-81,Water
85,-79,Water
85,-77,Water
85,-75,Water
85,-73,Water
85,-71,Water
85,-69,Water
85,-67,Water
85,-65,Water
85,-63,Water
85,-61,Water
85,-59,Water
85,-57,Water
85,-55,Water
85,-53,Water
85,-51,Water
85,-49,Water
85,-47,Water
85,-45,Water
85,-43,Water
85,-41,Water
85,-39,Water
85,-37,Water
85,-35,Water
85,-33,Water
85,-31,Water
85,-29,Water
85,-27,Water
85,-25,Water
85,-23,Water
85,-21,Water
85,-19,Water
85,-17,Water
85,-15,Water
85,-13,Water
85,-11,Water
85,-9,Water
85,-7,Water
85,-5,Water
85,-3,Water
85,-1,Water
85,1,Water
85,3,Water
85,5,Water
85,7,Water
85,9,Water
85,11,Water
85,13,Water
85,15,Water
85,17,Water
85,19,Water
85,21,Water
85,23,Water
85,25,Water
85,27,Water
85,29,Water
85,31,Water
85,33,Water
85,35,Water
85,37,Water
85,39,Water
85,41,Water
85,43,Water
85,45,Water
85,47,Water
85,49,Water
85,51,Water
85,53,Water
85,55,Water
85,57,Water
85,59,Water
85,61,Water
85,63,Water
85,65,Water
85,67,Water
85,69,Water
85,71,Water
85,73,Water
85,75,Water
85,77,Water
85,79,Water
85,81,Water
85,83,Water
85,85,Water
85,87,Water
85,89,Water
85,91,Water
85,93,Water
85,95,Water
85,97,Water
85,99,Water
85,101,Water
85,103,Water
85,105,Water
85,107,Water
85,109,Water
85,111,Water
85,113,Water
85,115,Water
85,117,Water
85,119,Water
85,121,Water
85,123,Water
85,125,Water
85,127,Water
85,129,Water
85,131,Water
85,133,Water
85,135,Water
85,137,Water
85,139,Water
85,141,Water
85,143,Water
85,145,Water
85,147,Water
85,149,Water
85,151,Water
85,153,Water
85,155,Water
85,157,Water
85,159,Water
85,161,Water
85,163,Water
85,165,Water
85,167,Water
85,169,Water
85,171,Water
85,173,Water
85,175,Water
85,177,Water
85,179,Water
87,-179,Water
87,-177,Water
87,-175,Water
87,-173,Water
87,-171,Water
87,-169,Water
87,-167,Water
87,-165,Water
87,-163,Water
87,-161,Water
87,-159,Water
87,-157,Water
87,-155,Water
87,-153,Water
87,-151,Water
87,-149,Water
87,-147,Water
87,-145,Water
87,-143,Water
87,-141,Water
87,-139,Water
87,-137,Water
87,-135,Water
87,-133,Water
87,-131,Water
87,-129,Water
87,-127,Water
87,-125,Water
87,-123,Water
87,-121,Water
87,-119,Water
87,-117,Water
87,-115,Water
87,-113,Water
87,-111,Water
87,-109,Water
87,-107,Water
87,-105,Water
87,-103,Water
87,-101,Water
87,-99,Water
87,-97,Water
87,-95,Water
87,-93,Water
87,-91,Water
87,-89,Water
87,-87,Water
87,-85,Water
87,-83,Water
87,-81,Water
87,-79,Water
87,-77,Water
87,-75,Water
87,-73,Water
87,-71,Water
87,-69,Water
87,-67,Water
87,-65,Water
87,-63,Water
87,-61,Water
87,-59,Water
87,-57,Water
87,-55,Water
87,-53,Water
87,-51,Water
87,-49,Water
87,-47,Water
87,-45,Water
87,-43,Water
87,-41,Water
87,-39,Water
87,-37,Water
87,-35,Water
87,-33,Water
87,-31,Water
87,-29,Water
87,-27,Water
87,-25,Water
87,-23,Water
87,-21,Water
87,-19,Water
87,-17,Water
87,-15,Water
87,-13,Water
87,-11,Water
87,-9,Water
87,-7,Water
87,-5,Water
87,-3,Water
87,-1,Water
87,1,Water
87,3,Water
87,5,Water
87,7,Water
87,9,Water
87,11,Water
87,13,Water
87,15,Water
87,17,Water
87,19,Water
87,21,Water
87,23,Water
87,25,Water
87,27,Water
87,29,Water
87,31,Water
87,33,Water
87,35,Water
87,37,Water
87,39,Water
87,41,Water
87,43,Water
87,45,Water
87,47,Water
87,49,Water
87,51,Water
87,53,Water
87,55,Water
87,57,Water
87,59,Water
87,61,Water
87,63,Water
87,65,Water
87,67,Water
87,69,Water
87,71,Water
87,73,Water
87,75,Water
87,77,Water
87,79,Water
87,81,Water
87,83,Water
87,85,Water
87,87,Water
87,89,Water
87,91,Water
87,93,Water
87,95,Water
87,97,Water
87,99,Water
87,101,Water
87,103,Water
87,105,Water
87,107,Water
87,109,Water
87,111,Water
87,113,Water
87,115,Water
87,117,Water
87,119,Water
87,121,Water
87,123,Water
87,125,Water
87,127,Water
87,129,Water
87,131,Water
87,133,Water
87,135,Water
87,137,Water
87,139,Water
87,141,Water
87,143,Water
87,145,Water
87,147,Water
87,149,Water
87,151,Water
87,153,Water
87,155,Water
87,157,Water
87,159,Water
87,161,Water
87,163,Water
87,165,Water
87,167,Water
87,169,Water
87,171,Water
87,173,Water
87,175,Water
87,177,Water
87,179,Water
89,-179,Water
89,-177,Water
89,-175,Water
89,-173,Water
89,-171,Water
89,-169,Water
89,-167,Water
89,-165,Water
89,-163,Water
89,-161,Water
89,-159,Water
89,-157,Water
89,-155,Water
89,-153,Water
89,-151,Water
89,-149,Water
89,-147,Water
89,-145,Water
89,-143,Water
89,-141,Water
89,-139,Water
89,-137,Water
89,-135,Water
89,-133,Water
89,-131,Water
89,-129,Water
89,-127,Water
89,-125,Water
89,-123,Water
89,-121,Water
89,-119,Water
89,-117,Water
89,-115,Water
89,-113,Water
89,-111,Water
89,-109,Water
89,-107,Water
89,-105,Water
89,-103,Water
89,-101,Water
89,-99,Water
89,-97,Water
89,-95,Water
89,-93,Water
89,-91,Water
89,-89,Water
89,-87,Water
89,-85,Water
89,-83,Water
89,-81,Water
89,-79,Water
89,-77,Water
89,-75,Water
89,-73,Water
89,-71,Water
89,-69,Water
89,-67,Water
89,-65,Water
89,-63,Water
89,-61,Water
89,-59,Water
89,-57,Water
89,-55,Water
89,-53,Water
89,-51,Water
89,-49,Water
89,-47,Water
89,-45,Water
89,-43,Water
89,-41,Water
89,-39,Water
89,-37,Water
89,-35,Water
89,-33,Water
89,-31,Water
89,-29,Water
89,-27,Water
89,-25,Water
89,-23,Water
89,-21,Water
89,-19,Water
89,-17,Water
89,-15,Water
89,-13,Water
89,-11,Water
89,-9,Water
89,-7,Water
89,-5,Water
89,-3,Water
89,-1,Water
89,1,Water
89,3,Water
89,5,Water
89,7,Water
89,9,Water
89,11,Water
89,13,Water
89,15,Water
89,17,Water
89,19,Water
89,21,Water
89,23,Water
89,25,Water
89,27,Water
89,29,Water
89,31,Water
89,33,Water
89,35,Water
89,37,Water
89,39,Water
89,41,Water
89,43,Water
89,45,Water
89,47,Water
89,49,Water
89,51,Water
89,53,Water
89,55,Water
89,57,Water
89,59,Water
89,61,Water
89,63,Water
89,65,Water
89,67,Water
89,69,Water
89,71,Water
89,73,Water
89,75,Water
89,77,Water
89,79,Water
89,81,Water
89,83,Water
89,85,Water
89,87,Water
89,89,Water
89,91,Water
89,93,Water
89,95,Water
89,97,Water
89,99,Water
89,101,Water
89,103,Water
89,105,Water
89,107,Water
89,109,Water
89,111,Water
89,113,Water
89,115,Water
89,117,Water
89,119,Water
89,121,Water
89,123,Water
89,125,Water
89,127,Water
89,129,Water
89,131,Water
89,133,Water
89,135,Water
89,137,Water
89,139,Water
89,141,Water
89,143,Water
89,145,Water
89,147,Water
89,149,Water
89,151,Water
89,153,Water
89,155,Water
89,157,Water
89,159,Water
89,161,Water
89,163,Water
89,165,Water
89,167,Water
89,169,Water
89,171,Water
89,173,Water
89,175,Water
89,177,Water
89,179,Water
